company_id,year,sales,operating_profit,net_profit,other_income,interest,equity,borrowings,total_assets,investments,net_profit_margin,operating_profit_margin,roe_percentage,roa_percentage,debt_to_equity,roce_percentage,interest_coverage_ratio,net_debt,asset_turnover
ABB,Dec 2012,1653,202.0,145,33,0,21.0,0,907,0,8.77,12.22,690.48,15.99,0.0,961.9,,0,1.82
AMBUJACEM,Dec 2012,9749,2473.0,1292,69,78,308.0,60,12345,1581,13.25,25.37,419.48,10.47,0.19,672.01,32.59,-1521,0.79
BOSCHLTD,Dec 2012,8659,1350.0,958,369,6,31.0,230,7902,1529,11.06,15.59,3090.32,12.12,7.42,517.24,286.5,-1299,1.1
EICHERMOT,Dec 2012,6390,550.0,475,136,4,27.0,23,4471,638,7.43,8.61,1759.26,10.62,0.85,1100.0,171.5,-615,1.43
AMBUJACEM,Dec 2013,9161,1669.0,1278,390,67,309.0,48,12956,1714,13.95,18.22,413.59,9.86,0.16,467.51,30.73,-1666,0.71
BOSCHLTD,Dec 2013,8757,1289.0,885,353,0,31.0,183,8891,2202,10.11,14.72,2854.84,9.95,5.9,602.34,,-2019,0.98
EICHERMOT,Dec 2013,6810,715.0,525,93,8,27.0,84,5337,825,7.71,10.5,1944.44,9.84,3.11,644.14,101.0,-741,1.28
NESTLEIND,Dec 2013,9101,1948.0,1117,97,37,96.0,1189,6314,851,12.27,21.4,1163.54,17.69,12.39,151.6,55.27,338,1.44
AMBUJACEM,Dec 2014,9955,1934.0,1487,419,66,310.0,34,13878,2097,14.94,19.43,479.68,10.71,0.11,562.21,35.65,-2063,0.72
EICHERMOT,Dec 2014,8738,1118.0,702,105,10,27.0,58,6403,1078,8.03,12.79,2600.0,10.96,2.15,1315.29,122.3,-1020,1.36
NESTLEIND,Dec 2014,9855,2039.0,1185,87,14,96.0,20,5820,812,12.02,20.69,1234.38,20.36,0.21,1757.76,151.86,-792,1.69
AMBUJACEM,Dec 2015,9437,1542.0,808,353,92,310.0,35,14133,2149,8.56,16.34,260.65,5.72,0.11,446.96,20.6,-2114,0.67
NESTLEIND,Dec 2015,8175,1555.0,563,-391,3,96.0,18,6086,1325,6.89,19.02,586.46,9.25,0.19,1364.04,388.0,-1307,1.34
AMBUJACEM,Dec 2016,20094,3181.0,1434,441,153,397.0,29,32824,175,7.14,15.83,361.21,4.37,0.07,746.71,23.67,-146,0.61
NESTLEIND,Dec 2016,9141,1850.0,1001,140,91,96.0,33,6810,1756,10.95,20.24,1042.71,14.7,0.34,1434.11,21.87,-1723,1.34
AMBUJACEM,Dec 2017,23609,3858.0,1945,335,206,397.0,24,35509,153,8.24,16.34,489.92,5.48,0.06,916.39,20.35,-129,0.66
NESTLEIND,Dec 2017,10010,2097.0,1225,177,92,96.0,35,7363,1979,12.24,20.95,1276.04,16.64,0.36,1600.76,24.72,-1944,1.36
AMBUJACEM,Dec 2018,26041,4011.0,2973,232,170,397.0,40,37391,133,11.42,15.4,748.87,7.95,0.1,917.85,24.96,-93,0.7
NESTLEIND,Dec 2018,11292,2618.0,1607,259,112,96.0,35,8088,2658,14.23,23.18,1673.96,19.87,0.36,1998.47,25.69,-2623,1.4
AMBUJACEM,Dec 2019,27104,4597.0,2783,601,170,397.0,41,40178,150,10.27,16.96,701.01,6.93,0.1,1049.54,30.58,-109,0.67
NESTLEIND,Dec 2019,12369,2926.0,1968,247,129,96.0,189,7173,1751,15.91,23.66,2050.0,27.44,1.97,1026.67,24.6,-1562,1.72
AMBUJACEM,Dec 2020,24516,5006.0,3107,288,140,397.0,471,39718,167,12.67,20.42,782.62,7.82,1.19,576.73,37.81,304,0.62
NESTLEIND,Dec 2020,13350,3202.0,2082,146,164,96.0,147,7900,1464,15.6,23.99,2168.75,26.35,1.53,1317.7,20.41,-1317,1.69
AMBUJACEM,Dec 2021,28965,6210.0,3711,252,146,397.0,477,45205,198,12.81,21.44,934.76,8.21,1.2,710.53,44.26,279,0.64
NESTLEIND,Dec 2021,14741,3562.0,2118,-112,202,96.0,266,8234,774,14.37,24.16,2206.25,25.72,2.77,983.98,17.08,-508,1.79
NESTLEIND,Dec 2022,16897,3706.0,2391,107,155,96.0,271,8979,778,14.15,21.93,2490.62,26.63,2.82,1009.81,24.6,-507,1.88
NESTLEIND,Dec 2023,19126,4471.0,2999,116,119,96.0,271,8979,778,15.68,23.38,3123.96,33.4,2.82,1218.26,38.55,-507,2.13
HCLTECH,Jun 2013,25581,5680.0,4040,332,106,139.0,1044,22399,713,15.79,22.2,2906.47,18.04,7.51,480.14,56.72,331,1.14
SHREECEM,Jun 2013,5418,1561.0,1004,187,193,35.0,1288,6160,2203,18.53,28.81,2868.57,16.3,36.8,117.99,9.06,-915,0.88
HCLTECH,Jun 2014,32144,8035.0,6528,677,114,140.0,1018,29980,662,20.31,25.0,4662.86,21.77,7.27,693.87,76.42,356,1.07
SHREECEM,Jun 2014,5715,1390.0,787,104,129,35.0,1200,7329,2244,13.77,24.32,2248.57,10.74,34.29,112.55,11.58,-1044,0.78
HCLTECH,Jun 2015,36701,8486.0,7342,1126,91,281.0,648,35245,869,20.0,23.12,2612.81,20.83,2.31,913.46,105.63,-221,1.04
SHREECEM,Jun 2015,6259,1344.0,426,102,121,35.0,917,7998,1662,6.81,21.47,1217.14,5.33,26.2,141.18,11.95,-745,0.78
LODHA,Mar 2011,2173,510.0,264,145,283,108.0,5596,9478,376,12.15,23.47,244.44,2.79,51.81,8.94,2.31,5220,0.23
LODHA,Mar 2012,2954,724.0,381,124,254,108.0,4259,9268,181,12.9,24.51,352.78,4.11,39.44,16.58,3.34,4078,0.32
ADANIENT,Mar 2013,46375,6021.0,1218,1775,3492,110.0,69332,111871,323,2.63,12.98,1107.27,1.09,630.29,8.67,2.23,69009,0.41
ADANIPORTS,Mar 2013,3577,2382.0,1639,344,542,401.0,11620,21035,222,45.82,66.59,408.73,7.79,28.98,19.82,5.03,11398,0.17
ADANIPORTS,Mar 2013,3577,2382.0,1639,344,542,401.0,11620,21035,222,45.82,66.59,408.73,7.79,28.98,19.82,5.03,11398,0.17
ADANIPOWER,Mar 2013,6692,960.0,-2295,215,1703,2393.0,41795,54688,22,-34.29,14.35,-95.9,-4.2,17.47,2.17,0.69,41773,0.12
APOLLOHOSP,Mar 2013,3769,612.0,303,33,103,70.0,1213,4814,527,8.04,16.24,432.86,6.29,17.33,47.7,6.26,686,0.78
ASIANPAINT,Mar 2013,10504,1737.0,1160,114,42,96.0,251,6784,296,11.04,16.54,1208.33,17.1,2.61,500.58,44.07,-45,1.55
ASIANPAINT,Mar 2013,10504,1737.0,1160,114,42,96.0,251,6784,296,11.04,16.54,1208.33,17.1,2.61,500.58,44.07,-45,1.55
AXISBANK,Mar 2013,27183,8313.0,5179,5,6551,468.0,296254,340558,113378,19.05,30.58,1106.62,1.52,633.02,2.8,1.27,182876,0.08
BAJAJ-AUTO,Mar 2013,20025,3656.0,3133,790,1,289.0,116,12642,6059,15.65,18.26,1084.08,24.78,0.4,902.72,4446.0,-5943,1.58
BAJAJFINSV,Mar 2013,8055,3931.0,2214,2,1204,80.0,12991,65370,43251,27.49,48.8,2767.5,3.39,162.39,30.07,3.27,-30260,0.12
BAJAJHLDNG,Mar 2013,337,322.0,1856,3,0,111.0,0,10775,9577,550.74,95.55,1672.07,17.23,0.0,290.09,,-9577,0.03
BANKBARODA,Mar 2013,36442,10950.0,4829,3,4511,423.0,509192,559387,125617,13.25,30.05,1141.61,0.86,1203.76,2.15,2.43,383575,0.07
BEL,Mar 2013,6273,669.0,911,622,7,2.0,24,45,0,14.52,10.66,45550.0,2024.44,12.0,2573.08,184.43,24,139.4
BHARTIARTL,Mar 2013,76947,22960.0,2267,1159,4519,1899.0,66736,157970,7710,2.95,29.84,119.38,1.44,35.14,33.45,5.34,59026,0.49
BHEL,Mar 2013,48903,9483.0,6693,1132,128,490.0,2698,71818,6,13.69,19.39,1365.92,9.32,5.51,297.46,82.93,2692,0.68
BPCL,Mar 2013,242181,6709.0,1936,1492,2518,723.0,33157,79628,7470,0.8,2.77,267.77,2.43,45.86,19.8,3.26,25687,3.04
BRITANNIA,Mar 2013,6185,421.0,260,52,41,24.0,380,1883,108,4.2,6.81,1083.33,13.81,15.83,104.21,11.54,272,3.28
CANBK,Mar 2013,34070,7217.0,2995,2,3308,443.0,376040,419324,127534,8.79,21.18,676.07,0.71,848.85,1.92,2.18,248506,0.08
CHOLAFIN,Mar 2013,2570,688.0,308,18,1,143.0,15269,18228,172,11.98,26.77,215.38,1.69,106.78,4.46,706.0,15097,0.14
CIPLA,Mar 2013,8279,6065.0,1545,27,245,161.0,967,11658,2532,18.66,73.26,959.63,13.25,6.01,537.68,24.87,-1565,0.71
COALINDIA,Mar 2013,68303,50216.0,17356,26,8752,6316.0,1305,110983,2395,25.41,73.52,274.79,15.64,0.21,658.92,5.74,-1090,0.62
DABUR,Mar 2013,6140,992.0,766,100,59,174.0,1151,4709,929,12.48,16.16,440.23,16.27,6.61,74.87,18.51,222,1.3
DIVISLAB,Mar 2013,2145,816.0,602,45,3,27.0,33,3139,408,28.07,38.04,2229.63,19.18,1.22,1360.0,287.0,-375,0.68
DLF,Mar 2013,7773,2633.0,667,1279,2314,340.0,26600,64647,1334,8.58,33.87,196.18,1.03,78.24,9.77,1.69,25266,0.12
DMART,Mar 2013,3341,215.0,94,15,43,544.0,526,1492,16,2.81,6.44,17.28,6.3,0.97,20.09,5.35,510,2.24
DRREDDY,Mar 2013,11833,2669.0,1527,146,100,85.0,3682,13380,197,12.9,22.56,1796.47,11.41,43.32,70.85,28.15,3485,0.88
GAIL,Mar 2013,50974,7427.0,4367,887,437,1268.0,16472,59809,1254,8.57,14.57,344.4,7.3,12.99,41.87,19.03,15218,0.85
GODREJCP,Mar 2013,6412,995.0,845,194,87,34.0,2456,7695,121,13.18,15.52,2485.29,10.98,72.24,39.96,13.67,2335,0.83
GRASIM,Mar 2013,27909,5924.0,3778,824,324,92.0,9550,44123,8011,13.54,21.23,4106.52,8.56,103.8,61.44,20.83,1539,0.63
HAVELLS,Mar 2013,7135,674.0,581,222,123,62.0,982,4458,0,8.14,9.45,937.1,13.03,15.84,64.56,7.28,982,1.6
HDFCBANK,Mar 2013,35861,12631.0,6903,10,7133,476.0,335588,407723,110960,19.25,35.22,1450.21,1.69,705.02,3.76,1.77,224628,0.09
HDFCLIFE,Mar 2013,14060,13535.0,447,4,28,1995.0,0,41918,40404,3.18,96.27,22.41,1.07,0.0,678.45,483.54,-40404,0.34
HINDALCO,Mar 2013,80193,72494.0,3007,10,1111,191.0,56951,120590,12601,3.75,90.4,1574.35,2.49,298.17,126.87,65.26,44350,0.67
HINDUNILVR,Mar 2013,27004,22784.0,3839,16,1123,216.0,25,12092,2252,14.22,84.37,1777.31,31.75,0.12,9453.94,20.3,-2227,2.23
ICICIBANK,Mar 2013,44885,31684.0,10130,-34,29320,1154.0,487659,674822,255667,22.57,70.59,877.82,1.5,422.58,6.48,1.08,231992,0.07
ICICIGI,Mar 2013,4012,4191.0,353,-4,586,437.0,0,12637,7800,8.8,104.46,80.78,2.79,0.0,959.04,7.15,-7800,0.32
ICICIPRULI,Mar 2013,20025,19280.0,1515,4,900,1429.0,0,75220,73716,7.57,96.28,106.02,2.01,0.0,1349.2,21.43,-73716,0.27
INDIGO,Mar 2013,9203,8348.0,787,9,296,0.4,11,26,0,8.55,90.71,196750.0,3026.92,27.5,73228.07,28.23,11,353.96
INDUSINDBK,Mar 2013,6983,1947.0,1061,4,1363,523.0,63576,73307,19654,15.19,27.88,202.87,1.45,121.56,3.04,1.43,43922,0.1
INFY,Mar 2013,40352,11538.0,9429,2365,5,286.0,0,46275,2116,23.37,28.59,3296.85,20.38,0.0,4034.27,2780.6,-2116,0.87
IOC,Mar 2013,461780,13861.0,3627,3499,7164,2428.0,89671,241878,17351,0.79,3.0,149.38,1.5,36.93,15.05,2.42,72320,1.91
IRFC,Mar 2013,5550,5528.0,522,2,4075,2352.0,58753,70755,13,9.41,99.6,22.19,0.74,24.98,9.05,1.36,58740,0.08
ITC,Mar 2013,31618,11221.0,7704,852,108,790.0,102,35329,5981,24.37,35.49,975.19,21.81,0.13,1257.96,111.79,-5879,0.89
JINDALSTEL,Mar 2013,19807,6106.0,2952,333,1067,93.0,24618,57073,809,14.9,30.83,3174.19,5.17,264.71,24.71,6.03,23809,0.35
JSWENERGY,Mar 2013,8870,2801.0,901,9,963,1640.0,10377,20378,955,10.16,31.58,54.94,4.42,6.33,23.31,2.92,9422,0.44
JSWSTEEL,Mar 2013,38210,6512.0,929,-307,1967,284.0,21625,57513,1750,2.43,17.04,327.11,1.62,76.14,29.72,3.15,19875,0.66
KOTAKBANK,Mar 2013,10838,6603.0,2238,-17,5112,373.0,85561,115835,40907,20.65,60.92,600.0,1.93,229.39,7.68,1.29,44654,0.09
LT,Mar 2013,74426,11394.0,5291,2523,4642,16.0,234,2328,49,7.11,15.31,33068.75,227.28,14.62,4557.6,3.0,185,31.97
LTIM,Mar 2013,3851,870.0,562,22,21,16.0,234,2328,49,14.59,22.59,3512.5,24.14,14.62,348.0,42.48,185,1.65
M&M,Mar 2013,68693,9116.0,4129,841,2297,295.0,28711,76131,6440,6.01,13.27,1399.66,5.42,97.33,31.43,4.33,22271,0.9
MARUTI,Mar 2013,44304,4361.0,2470,797,198,151.0,1569,27517,7421,5.58,9.84,1635.76,8.98,10.39,253.55,26.05,-5852,1.61
MOTHERSON,Mar 2013,25298,1480.0,452,318,250,59.0,4904,12739,72,1.79,5.85,766.1,3.55,83.12,29.82,7.19,4832,1.99
NAUKRI,Mar 2013,472,121.0,76,24,3,109.0,1,825,261,16.1,25.64,69.72,9.21,0.01,110.0,48.33,-260,0.57
NHPC,Mar 2013,6381,4152.0,2873,1595,611,12301.0,20340,62361,1447,45.02,65.07,23.36,4.61,1.65,12.72,9.41,18893,0.1
NTPC,Mar 2013,71518,18149.0,12586,4777,2491,8245.0,70419,178776,4923,17.6,25.38,152.65,7.04,8.54,23.07,9.2,65496,0.4
ONGC,Mar 2013,161984,43501.0,23994,5488,484,4278.0,20686,253424,2128,14.81,26.86,560.87,9.47,4.84,174.25,101.22,18558,0.64
PFC,Mar 2013,17314,5987.0,4438,12,10995,1320.0,139473,169330,27,25.63,34.58,336.21,2.62,105.66,4.25,0.55,139446,0.1
PIDILITIND,Mar 2013,3678,558.0,424,107,16,51.0,111,2616,294,11.53,15.17,831.37,16.21,2.18,344.44,41.56,-183,1.41
PNB,Mar 2013,43071,,5020,4310,27802,50.0,6695,7655,777,11.66,,10040.0,65.58,133.9,,,5918,5.63
PNB,Mar 2013,43071,,5020,4310,27802,50.0,6695,7655,777,11.66,,10040.0,65.58,133.9,,,5918,5.63
PNB,Mar 2013,43071,,5020,4310,27802,50.0,6695,7655,777,11.66,,10040.0,65.58,133.9,,,5918,5.63
PNB,Mar 2013,43071,,5020,4310,27802,50.0,6695,7655,777,11.66,,10040.0,65.58,133.9,,,5918,5.63
PNB,Mar 2013,43071,,5020,4310,27802,50.0,6695,7655,777,11.66,,10040.0,65.58,133.9,,,5918,5.63
POWERGRID,Mar 2013,13081,10837.0,4313,966,2599,4630.0,69233,113384,586,32.97,82.85,93.15,3.8,14.95,14.67,4.54,68647,0.12
POWERGRID,Mar 2013,13081,10837.0,4313,966,2599,4630.0,69233,113384,586,32.97,82.85,93.15,3.8,14.95,14.67,4.54,68647,0.12
RECLTD,Mar 2013,13634,13270.0,3833,4,8083,987.0,107762,130570,638,28.11,97.33,388.35,2.94,109.18,12.2,1.64,107124,0.1
RELIANCE,Mar 2013,395957,33155.0,20886,7757,3463,2936.0,107219,362357,42848,5.27,8.37,711.38,5.76,36.52,30.1,11.81,64371,1.09
SBILIFE,Mar 2013,14870,427.0,630,292,4,1000.0,0,53714,50047,4.24,2.87,63.0,1.17,0.0,42.7,179.75,-50047,0.28
SHRIRAMFIN,Mar 2013,7009,2179.0,1463,7,3092,227.0,33386,47274,3280,20.87,31.09,644.49,3.09,147.07,6.48,0.71,30106,0.15
SUNPHARMA,Mar 2013,11131,4784.0,3469,-90,43,104.0,260,20377,2412,31.17,42.98,3335.58,17.02,2.5,1314.29,109.16,-2152,0.55
TATACONSUM,Mar 2013,7351,770.0,445,56,84,62.0,1389,8794,578,6.05,10.47,717.74,5.06,22.4,53.07,9.83,811,0.84
TATAMOTORS,Mar 2013,188793,24596.0,9976,213,3560,638.0,53716,168330,8765,5.28,13.03,1563.64,5.93,84.19,45.25,6.97,44951,1.12
TATAPOWER,Mar 2013,33177,5595.0,123,375,2642,237.0,37882,67257,3120,0.37,16.86,51.9,0.18,159.84,14.68,2.26,34762,0.49
TATASTEEL,Mar 2013,134712,3965.0,-7272,1445,3968,971.0,68529,146876,3258,-5.4,2.94,-748.92,-4.95,70.58,5.71,1.36,65271,0.92
TCS,Mar 2013,62989,18040.0,14076,1178,48,196.0,332,51932,1897,22.35,28.64,7181.63,27.1,1.69,3416.67,400.38,-1565,1.21
TECHM,Mar 2013,6873,1422.0,1307,-141,103,128.0,1380,8984,4099,19.02,20.69,1021.09,14.55,10.78,94.3,12.44,-2719,0.77
TECHM,Mar 2013,6873,1422.0,1307,-141,103,128.0,1380,8984,4099,19.02,20.69,1021.09,14.55,10.78,94.3,12.44,-2719,0.77
TITAN,Mar 2013,10123,1014.0,725,99,51,89.0,0,5884,3,7.16,10.02,814.61,12.32,0.0,1139.33,21.82,-3,1.72
TORNTPHARM,Mar 2013,3203,697.0,435,1,34,42.0,693,3753,60,13.58,21.76,1035.71,11.59,16.5,94.83,20.53,633,0.85
TRENT,Mar 2013,2132,5.0,-27,58,29,33.0,343,2209,317,-1.27,0.23,-81.82,-1.22,10.39,1.33,2.17,26,0.97
TVSMOTOR,Mar 2013,7510,438.0,198,130,103,48.0,1068,3381,348,2.64,5.83,412.5,5.86,22.25,39.25,5.51,720,2.22
ULTRACEMCO,Mar 2013,20514,4839.0,2688,304,252,274.0,7342,29582,4709,13.1,23.59,981.02,9.09,26.8,63.54,20.41,2633,0.69
UNIONBANK,Mar 2013,25169,325.0,2146,2868,17575,597.0,287589,312912,81808,8.53,1.29,359.46,0.69,481.72,0.11,0.18,205781,0.08
ABB,Mar 2014,2276,267.0,198,49,0,21.0,0,1139,0,8.7,11.73,942.86,17.38,0.0,1271.43,,0,2.0
ADANIENSOL,Mar 2014,0,0.0,0,0,0,0.1,0,0,0,,,0.0,,0.0,0.0,,0,
ADANIENT,Mar 2014,54947,9383.0,2646,1157,5703,110.0,71980,118102,288,4.82,17.08,2405.45,2.24,654.36,13.02,1.85,71692,0.47
ADANIPORTS,Mar 2014,4830,2919.0,1741,685,977,414.0,12979,24677,63,36.05,60.43,420.53,7.06,31.35,21.79,3.69,12916,0.2
ADANIPORTS,Mar 2014,4830,2919.0,1741,685,977,414.0,12979,24677,63,36.05,60.43,420.53,7.06,31.35,21.79,3.69,12916,0.2
ADANIPOWER,Mar 2014,15328,4593.0,-291,137,4162,2872.0,44150,58739,115,-1.9,29.96,-10.13,-0.5,15.37,9.77,1.14,44035,0.26
APOLLOHOSP,Mar 2014,4357,676.0,315,18,119,70.0,1344,5350,322,7.23,15.52,450.0,5.89,19.2,47.81,5.83,1022,0.81
ASIANPAINT,Mar 2014,12220,2004.0,1263,124,48,96.0,249,8075,1424,10.34,16.4,1315.62,15.64,2.59,580.87,44.33,-1175,1.51
ASIANPAINT,Mar 2014,12220,2004.0,1263,124,48,96.0,249,8075,1424,10.34,16.4,1315.62,15.64,2.59,580.87,44.33,-1175,1.51
AXISBANK,Mar 2014,30641,9644.0,6218,8,7405,470.0,333280,386350,113093,20.29,31.47,1322.98,1.61,709.11,2.89,1.3,220187,0.08
BAJAJ-AUTO,Mar 2014,20137,4163.0,3380,674,1,289.0,59,15308,8448,16.79,20.67,1169.55,22.08,0.2,1196.26,4837.0,-8389,1.32
BAJAJFINSV,Mar 2014,6023,4491.0,2191,3,1562,80.0,19507,74383,45314,36.38,74.56,2738.75,2.95,243.84,22.93,2.88,-25807,0.08
BAJAJHLDNG,Mar 2014,423,400.0,1988,5,0,111.0,0,12448,11325,469.98,94.56,1790.99,15.97,0.0,360.36,,-11325,0.03
BANKBARODA,Mar 2014,40463,12049.0,5036,2,5555,431.0,616973,676104,122113,12.45,29.78,1168.45,0.74,1431.49,1.95,2.17,494860,0.06
BEL,Mar 2014,6518,925.0,952,438,7,2.0,21,46,0,14.61,14.19,47600.0,2069.57,10.5,4021.74,194.71,21,141.7
BHARTIARTL,Mar 2014,85864,26512.0,3019,2881,5879,1999.0,75896,181492,15531,3.52,30.88,151.03,1.66,37.97,34.04,5.0,60365,0.47
BHEL,Mar 2014,39561,4579.0,3502,1617,133,490.0,4693,75331,6,8.85,11.57,714.69,4.65,9.58,88.35,46.59,4687,0.53
BPCL,Mar 2014,264421,9414.0,4053,1344,1982,723.0,33152,88460,6985,1.53,3.56,560.58,4.58,45.85,27.79,5.43,26167,2.99
BRITANNIA,Mar 2014,6913,627.0,395,34,8,24.0,150,2107,198,5.71,9.07,1645.83,18.75,6.25,360.34,82.62,-48,3.28
CANBK,Mar 2014,39570,9636.0,2672,-2,4144,461.0,447913,501090,135445,6.75,24.35,579.61,0.53,971.61,2.15,2.32,312468,0.08
CHOLAFIN,Mar 2014,3279,932.0,368,18,1,143.0,18075,21544,39,11.22,28.42,257.34,1.71,126.4,5.12,950.0,18036,0.15
CIPLA,Mar 2014,10173,8026.0,1404,21,251,161.0,1248,13400,709,13.8,78.9,872.05,10.48,7.75,569.62,32.06,539,0.76
COALINDIA,Mar 2014,70608,52842.0,15112,25,7169,6316.0,178,104938,3775,21.4,74.84,239.27,14.4,0.03,813.7,7.37,-3597,0.67
DABUR,Mar 2014,7058,1162.0,916,126,54,174.0,708,5312,1076,12.98,16.46,526.44,17.24,4.07,131.75,23.85,-368,1.33
DIVISLAB,Mar 2014,2532,1018.0,773,68,3,27.0,18,3710,502,30.53,40.21,2862.96,20.84,0.67,2262.22,362.0,-484,0.68
DLF,Mar 2014,8298,2493.0,590,1133,2463,356.0,24133,64525,891,7.11,30.04,165.73,0.91,67.79,10.18,1.47,23242,0.13
DMART,Mar 2014,4686,341.0,161,16,56,547.0,641,1808,16,3.44,7.28,29.43,8.9,1.17,28.7,6.38,625,2.59
DRREDDY,Mar 2014,13415,3251.0,1963,170,127,85.0,4477,15906,1067,14.63,24.23,2309.41,12.34,52.67,71.26,26.94,3410,0.84
GAIL,Mar 2014,61765,7988.0,4786,1247,669,1268.0,18537,66865,1282,7.75,12.93,377.44,7.16,14.62,40.33,13.8,17255,0.92
GODREJCP,Mar 2014,7599,1169.0,819,62,120,34.0,2373,8320,136,10.78,15.38,2408.82,9.84,69.79,48.57,10.26,2237,0.91
GRASIM,Mar 2014,28331,4915.0,2954,576,447,92.0,9681,47736,7611,10.43,17.35,3210.87,6.19,105.23,50.29,12.28,2070,0.59
HAVELLS,Mar 2014,8051,777.0,446,35,102,62.0,1054,5332,0,5.54,9.65,719.35,8.36,17.0,69.62,7.96,1054,1.51
HDFCBANK,Mar 2014,42555,13508.0,8768,13,8298,480.0,416677,503620,119571,20.6,31.74,1826.67,1.74,868.08,3.24,1.63,297106,0.08
HDFCLIFE,Mar 2014,17166,16561.0,725,4,241,1995.0,0,52275,50527,4.22,96.48,36.34,1.39,0.0,830.13,68.73,-50527,0.33
HEROMOTOCO,Mar 2014,25275,21722.0,2102,14,430,40.0,284,10122,4106,8.32,85.94,5255.0,20.77,7.1,6704.32,50.55,-3822,2.5
HINDALCO,Mar 2014,87695,79671.0,2195,9,677,206.0,64756,137982,12961,2.5,90.85,1065.53,1.59,314.35,122.64,117.7,51795,0.64
HINDUNILVR,Mar 2014,29234,24475.0,3956,16,792,216.0,46,13754,2838,13.53,83.72,1831.48,28.76,0.21,9341.6,30.92,-2792,2.13
ICICIBANK,Mar 2014,49479,32852.0,11677,-26,30085,1155.0,543055,747762,267609,23.6,66.4,1011.0,1.56,470.18,6.04,1.09,275446,0.07
ICICIGI,Mar 2014,4352,4578.0,520,-5,817,445.0,0,14744,9290,11.95,105.19,116.85,3.53,0.0,1028.76,5.6,-9290,0.3
ICICIPRULI,Mar 2014,21888,20384.0,1561,7,129,1429.0,0,81474,80101,7.13,93.13,109.24,1.92,0.0,1426.45,158.07,-80101,0.27
INDIGO,Mar 2014,11117,10684.0,474,4,391,0.4,14,35,0,4.26,96.11,118500.0,1354.29,35.0,74194.44,27.34,14,317.63
INDUSINDBK,Mar 2014,8254,2555.0,1408,4,1891,526.0,75264,87026,21563,17.06,30.95,267.68,1.62,143.09,3.37,1.35,53701,0.09
INFY,Mar 2014,50133,13390.0,10656,2664,9,286.0,0,56966,4331,21.26,26.71,3725.87,18.71,0.0,4681.82,1783.78,-4331,0.88
IOC,Mar 2014,488345,17222.0,6967,5064,5948,2428.0,94916,265953,15895,1.43,3.53,286.94,2.62,39.09,17.69,3.75,79021,1.84
IRFC,Mar 2014,6197,6178.0,701,1,4607,3352.0,69917,83930,11,11.31,99.69,20.91,0.84,20.86,8.43,1.34,69906,0.07
ITC,Mar 2014,35306,13080.0,9001,966,29,795.0,242,40848,7284,25.49,37.05,1132.2,22.04,0.3,1261.33,484.34,-7042,0.86
JINDALSTEL,Mar 2014,19286,5799.0,1896,349,1807,91.0,36368,68913,342,9.83,30.07,2083.52,2.75,399.65,15.91,3.4,36026,0.28
JSWENERGY,Mar 2014,8648,3255.0,760,-179,1206,1640.0,10106,19244,888,8.79,37.64,46.34,3.95,6.16,27.71,2.55,9218,0.45
JSWSTEEL,Mar 2014,51220,9169.0,402,-1630,3048,303.0,35527,77640,663,0.78,17.9,132.67,0.52,117.25,25.59,2.47,34864,0.66
KOTAKBANK,Mar 2014,11986,7053.0,2527,-12,5282,385.0,85937,122197,38791,21.08,58.84,656.36,2.07,223.21,8.17,1.33,47146,0.1
LT,Mar 2014,85054,14086.0,4885,1337,6494,16.0,110,2666,169,5.74,16.56,30531.25,183.23,6.88,11179.37,2.37,-59,31.9
LTIM,Mar 2014,4920,1147.0,996,217,31,16.0,110,2666,169,20.24,23.31,6225.0,37.36,6.88,910.32,44.0,-59,1.85
M&M,Mar 2014,74001,10170.0,5154,773,2954,295.0,35167,87889,8082,6.96,13.74,1747.12,5.86,119.21,28.68,3.7,27085,0.84
MARUTI,Mar 2014,44542,5310.0,2854,724,184,151.0,2004,31476,10527,6.41,11.92,1890.07,9.07,13.27,246.4,32.79,-8523,1.42
MOTHERSON,Mar 2014,30414,2397.0,1097,311,294,88.0,4840,15244,75,3.61,7.88,1246.59,7.2,55.0,48.64,9.21,4765,2.0
NAUKRI,Mar 2014,567,97.0,60,48,3,109.0,1,1060,538,10.58,17.11,55.05,5.66,0.01,88.18,48.33,-537,0.53
NHPC,Mar 2014,7389,4342.0,1633,889,1203,11071.0,20819,61427,1273,22.1,58.76,14.75,2.66,1.88,13.62,4.35,19546,0.12
NTPC,Mar 2014,78330,19727.0,11403,2792,3263,8245.0,81455,200118,3300,14.56,25.18,138.3,5.7,9.88,21.99,6.9,78155,0.39
ONGC,Mar 2014,174121,49130.0,26665,7170,624,4278.0,49113,324976,4746,15.31,28.22,623.31,8.21,11.48,92.02,90.22,44367,0.54
PFC,Mar 2014,21407,7607.0,5462,23,13053,1320.0,159215,194320,27,25.52,35.54,413.79,2.81,120.62,4.74,0.58,159188,0.11
PIDILITIND,Mar 2014,4283,672.0,450,38,16,51.0,46,2928,260,10.51,15.69,882.35,15.37,0.9,692.78,44.38,-214,1.46
PNB,Mar 2014,44958,,3674,4710,28220,66.0,10108,11540,645,8.17,,5566.67,31.84,153.15,,,9463,3.9
PNB,Mar 2014,44958,,3674,4710,28220,66.0,10108,11540,645,8.17,,5566.67,31.84,153.15,,,9463,3.9
PNB,Mar 2014,44958,,3674,4710,28220,66.0,10108,11540,645,8.17,,5566.67,31.84,153.15,,,9463,3.9
PNB,Mar 2014,44958,,3674,4710,28220,66.0,10108,11540,645,8.17,,5566.67,31.84,153.15,,,9463,3.9
PNB,Mar 2014,44958,,3674,4710,28220,66.0,10108,11540,645,8.17,,5566.67,31.84,153.15,,,9463,3.9
POWERGRID,Mar 2014,15555,12967.0,4548,725,3254,5232.0,84220,141480,423,29.24,83.36,86.93,3.21,16.1,14.5,4.21,83797,0.11
POWERGRID,Mar 2014,15555,12967.0,4548,725,3254,5232.0,84220,141480,423,29.24,83.36,86.93,3.21,16.1,14.5,4.21,83797,0.11
RECLTD,Mar 2014,17223,16650.0,4741,6,10035,987.0,126173,152944,1690,27.53,96.67,480.34,3.1,127.83,13.09,1.66,124483,0.11
RELIANCE,Mar 2014,433521,34935.0,22548,8865,3836,2940.0,138761,428843,60602,5.2,8.06,766.94,5.26,47.2,24.65,11.42,78159,1.01
SBILIFE,Mar 2014,17258,511.0,728,344,5,1000.0,0,60640,56275,4.22,2.96,72.8,1.2,0.0,51.1,171.0,-56275,0.28
SHRIRAMFIN,Mar 2014,8476,1999.0,1358,4,4233,227.0,38630,52332,2435,16.02,23.58,598.24,2.59,170.18,5.14,0.47,36195,0.16
SUNPHARMA,Mar 2014,16080,7003.0,3879,-1968,44,207.0,2561,29095,2786,24.12,43.55,1873.91,13.33,12.37,253.0,114.43,-225,0.55
TATACONSUM,Mar 2014,7738,752.0,510,170,87,62.0,1438,9911,611,6.59,9.72,822.58,5.15,23.19,50.13,10.6,827,0.78
TATAMOTORS,Mar 2014,232834,34853.0,14050,-157,4749,644.0,60642,218426,10687,6.03,14.97,2181.68,6.43,94.16,56.87,7.31,49955,1.07
TATAPOWER,Mar 2014,35726,6916.0,12,229,3440,237.0,40173,71383,3019,0.03,19.36,5.06,0.02,169.51,17.11,2.08,37154,0.5
TATASTEEL,Mar 2014,148614,16184.0,3665,716,4337,971.0,81629,171604,5093,2.47,10.89,377.45,2.14,84.07,19.59,3.9,76536,0.87
TCS,Mar 2014,81809,25153.0,19332,1637,39,196.0,297,66829,3434,23.63,30.75,9863.27,28.93,1.52,5102.03,686.92,-3137,1.22
TECHM,Mar 2014,18802,4172.0,3062,244,80,234.0,363,15940,1472,16.29,22.19,1308.55,19.21,1.55,698.83,55.2,-1109,1.18
TECHM,Mar 2014,18802,4172.0,3062,244,80,234.0,363,15940,1472,16.29,22.19,1308.55,19.21,1.55,698.83,55.2,-1109,1.18
TITAN,Mar 2014,10927,1047.0,735,117,87,89.0,807,6111,3,6.73,9.58,825.84,12.03,9.07,116.85,13.38,804,1.79
TORNTPHARM,Mar 2014,4172,955.0,664,34,59,85.0,1132,5022,186,15.92,22.89,781.18,13.22,13.32,78.47,16.76,946,0.83
TRENT,Mar 2014,2333,-10.0,-19,91,26,33.0,332,1936,300,-0.81,-0.43,-57.58,-0.98,10.06,-2.74,3.12,32,1.21
TVSMOTOR,Mar 2014,8384,492.0,187,44,80,48.0,728,3632,439,2.23,5.87,389.58,5.15,15.17,63.4,6.7,289,2.31
ULTRACEMCO,Mar 2014,20730,4035.0,2213,322,361,274.0,7332,32185,4862,10.68,19.46,807.66,6.88,26.76,53.05,12.07,2470,0.64
UNIONBANK,Mar 2014,29394,-902.0,1687,3141,21467,630.0,327078,355013,94636,5.74,-3.07,267.78,0.48,519.17,-0.28,0.1,232442,0.08
ABB,Mar 2015,2289,312.0,229,48,0,21.0,0,1374,0,10.0,13.63,1090.48,16.67,0.0,1485.71,,0,1.67
ADANIENSOL,Mar 2015,131,101.0,-7,3,73,1090.0,9701,11492,0,-5.34,77.1,-0.64,-0.06,8.9,0.94,1.42,9701,0.01
ADANIENT,Mar 2015,64465,12450.0,2298,792,7056,110.0,83571,130718,744,3.56,19.31,2089.09,1.76,759.74,14.88,1.88,82827,0.49
ADANIPORTS,Mar 2015,6152,3902.0,2324,686,1175,414.0,17776,32082,260,37.78,63.43,561.35,7.24,42.94,21.45,3.9,17516,0.19
ADANIPORTS,Mar 2015,6152,3902.0,2324,686,1175,414.0,17776,32082,260,37.78,63.43,561.35,7.24,42.94,21.45,3.9,17516,0.19
ADANIPOWER,Mar 2015,18683,4678.0,-816,1188,4864,2872.0,44742,58474,357,-4.37,25.04,-28.41,-1.4,15.58,9.82,1.21,44385,0.32
APOLLOHOSP,Mar 2015,5129,737.0,335,47,118,70.0,1992,6459,311,6.53,14.37,478.57,5.19,28.46,35.74,6.64,1681,0.79
ASIANPAINT,Mar 2015,13615,2243.0,1427,142,42,96.0,418,8914,1588,10.48,16.47,1486.46,16.01,4.35,436.38,56.79,-1170,1.53
ASIANPAINT,Mar 2015,13615,2243.0,1427,142,42,96.0,418,8914,1588,10.48,16.47,1486.46,16.01,4.35,436.38,56.79,-1170,1.53
AXISBANK,Mar 2015,35479,11127.0,7358,9,8365,474.0,406638,467243,118527,20.74,31.36,1552.32,1.57,857.89,2.73,1.33,288111,0.08
BAJAJ-AUTO,Mar 2015,21595,4128.0,3026,228,6,289.0,112,15966,8985,14.01,19.12,1047.06,18.95,0.39,1029.43,726.0,-8873,1.35
BAJAJFINSV,Mar 2015,11335,5511.0,2409,8,2230,80.0,26312,88228,51367,21.25,48.62,3011.25,2.73,328.9,20.88,2.47,-25055,0.13
BAJAJHLDNG,Mar 2015,524,484.0,2029,35,0,111.0,0,13893,13078,387.21,92.37,1827.93,14.6,0.0,436.04,,-13078,0.04
BAJFINANCE,Mar 2015,5392,1752.0,898,25,26,50.0,26655,32780,326,16.65,32.49,1796.0,2.74,533.1,6.56,68.35,26329,0.16
BANKBARODA,Mar 2015,44915,13466.0,3950,2,5449,444.0,665483,733966,124739,8.79,29.98,889.64,0.54,1498.84,2.02,2.47,540744,0.06
BEL,Mar 2015,7093,1179.0,1197,507,7,2.0,26,49,0,16.88,16.62,59850.0,2442.86,13.0,4210.71,240.86,26,144.76
BHARTIARTL,Mar 2015,96101,33602.0,5048,1243,4446,1999.0,83415,181939,10752,5.25,34.97,252.53,2.77,41.73,39.34,7.84,72663,0.53
BHEL,Mar 2015,31323,2141.0,1450,1221,92,490.0,1889,70983,6,4.63,6.84,295.92,2.04,3.86,90.0,36.54,1883,0.44
BOSCHLTD,Mar 2015,12086,1981.0,1338,537,14,31.0,111,10431,2890,11.07,16.39,4316.13,12.83,3.58,1395.07,179.86,-2779,1.16
BPCL,Mar 2015,242598,9780.0,5082,2117,1180,723.0,25492,86322,7712,2.09,4.03,702.9,5.89,35.26,37.31,10.08,17780,2.81
BRITANNIA,Mar 2015,7858,870.0,689,228,4,24.0,145,2793,518,8.77,11.07,2870.83,24.67,6.04,514.79,274.5,-373,2.81
CANBK,Mar 2015,43813,10302.0,2931,-1,4733,475.0,499488,558558,152122,6.69,23.51,617.05,0.52,1051.55,2.06,2.18,347366,0.08
CHOLAFIN,Mar 2015,3715,1061.0,444,19,0,144.0,19950,23868,25,11.95,28.56,308.33,1.86,138.54,5.28,,19925,0.16
CIPLA,Mar 2015,11345,9183.0,1229,19,164,161.0,1703,15670,640,10.83,80.94,763.35,7.84,10.58,492.65,56.11,1063,0.72
COALINDIA,Mar 2015,74120,56777.0,13727,23,6570,6316.0,408,111267,2813,18.52,76.6,217.34,12.34,0.06,844.39,8.65,-2405,0.67
DABUR,Mar 2015,7795,1320.0,1068,154,40,176.0,734,6106,1813,13.7,16.93,606.82,17.49,4.17,145.05,36.85,-1079,1.28
DIVISLAB,Mar 2015,3115,1173.0,852,38,3,27.0,27,4405,733,27.35,37.66,3155.56,19.34,1.0,2172.22,403.67,-706,0.71
DLF,Mar 2015,7649,3014.0,507,503,2304,356.0,24495,66262,623,6.63,39.4,142.42,0.77,68.81,12.13,1.53,23872,0.12
DMART,Mar 2015,6439,456.0,212,20,72,562.0,904,2355,15,3.29,7.08,37.72,9.0,1.61,31.11,6.61,889,2.73
DRREDDY,Mar 2015,15023,3508.0,2336,260,108,85.0,4314,18457,2248,15.55,23.35,2748.24,12.66,50.75,79.75,34.89,2066,0.81
GAIL,Mar 2015,60557,5631.0,3160,945,652,1268.0,18291,69669,1272,5.22,9.3,249.21,4.54,14.43,28.79,10.09,17019,0.87
GODREJCP,Mar 2015,8273,1379.0,976,73,112,34.0,2717,9125,186,11.8,16.67,2870.59,10.7,79.91,50.13,12.96,2531,0.91
GRASIM,Mar 2015,31734,5144.0,2582,530,667,92.0,11930,54033,7255,8.14,16.21,2806.52,4.78,129.67,42.79,8.51,4675,0.59
HAVELLS,Mar 2015,8468,755.0,385,48,96,62.0,424,4788,0,4.55,8.92,620.97,8.04,6.84,155.35,8.36,424,1.77
HDFCBANK,Mar 2015,50666,16164.0,10703,14,9546,501.0,509762,607097,149454,21.12,31.9,2136.33,1.76,1017.49,3.17,1.69,360308,0.08
HDFCLIFE,Mar 2015,27215,26341.0,786,3,79,1995.0,0,69309,67024,2.89,96.79,39.4,1.13,0.0,1320.35,333.47,-67024,0.39
HEROMOTOCO,Mar 2015,27538,24018.0,2364,13,325,40.0,100,10654,3118,8.58,87.22,5910.0,22.19,2.5,17155.71,73.94,-3018,2.58
HINDALCO,Mar 2015,104281,95437.0,259,8,-832,207.0,68468,141746,12346,0.25,91.52,125.12,0.18,330.76,138.97,-114.72,56122,0.74
HINDUNILVR,Mar 2015,31972,26560.0,4376,17,1247,216.0,43,14430,3025,13.69,83.07,2025.93,30.33,0.2,10254.83,21.31,-2982,2.22
ICICIBANK,Mar 2015,54964,38766.0,12942,-29,35252,1160.0,597207,826079,274311,23.55,70.53,1115.69,1.57,514.83,6.48,1.1,322896,0.07
ICICIGI,Mar 2015,4234,4456.0,585,-5,992,447.0,0,14646,10200,13.82,105.24,130.87,3.99,0.0,996.87,4.49,-10200,0.29
ICICIPRULI,Mar 2015,34453,32798.0,1640,5,43,1432.0,0,101215,99491,4.76,95.2,114.53,1.62,0.0,2290.36,762.86,-99491,0.34
INDIGO,Mar 2015,13925,12022.0,1304,14,395,0.4,4,61,1,9.36,86.33,326000.0,2137.7,10.0,273227.27,30.47,3,228.28
INDUSINDBK,Mar 2015,9692,3133.0,1794,3,2548,529.0,94752,111787,22878,18.51,32.33,339.13,1.6,179.12,3.29,1.23,71874,0.09
INFY,Mar 2015,53319,14883.0,12372,3430,12,572.0,0,66289,2270,23.2,27.91,2162.94,18.66,0.0,2601.92,1526.08,-2270,0.8
IOC,Mar 2015,449507,10575.0,4872,5860,4201,2428.0,64893,233883,16069,1.08,2.35,200.66,2.08,26.73,15.71,3.91,48824,1.92
IRCTC,Mar 2015,1059,152.0,131,82,0,20.0,0,1162,0,12.37,14.35,655.0,11.27,0.0,760.0,,0,0.91
IRFC,Mar 2015,6939,6905.0,758,1,4992,3584.0,71270,87647,9,10.92,99.51,21.15,0.86,19.89,9.22,1.38,71261,0.08
ITC,Mar 2015,38817,14252.0,9779,1229,91,802.0,269,45952,6943,25.19,36.72,1219.33,21.28,0.34,1330.72,170.12,-6674,0.84
JINDALSTEL,Mar 2015,19401,5464.0,-1452,-1399,2875,91.0,45501,75537,1785,-7.48,28.16,-1595.6,-1.92,500.01,11.98,1.41,43716,0.26
JSWENERGY,Mar 2015,9347,3624.0,1358,196,1137,1640.0,9294,19420,1619,14.53,38.77,82.8,6.99,5.67,33.14,3.36,7675,0.48
JSWSTEEL,Mar 2015,52972,9364.0,1722,103,3493,303.0,38754,85654,599,3.25,17.68,568.32,2.01,127.9,23.98,2.71,38155,0.62
KOTAKBANK,Mar 2015,13319,9718.0,3105,-25,8152,386.0,104258,148464,45589,23.31,72.96,804.4,2.09,270.1,9.29,1.19,58669,0.09
LODHA,Mar 2015,6236,1467.0,798,423,492,108.0,11852,27998,595,12.8,23.52,738.89,2.85,109.74,12.27,3.84,11257,0.22
LT,Mar 2015,91929,15684.0,4966,1422,7266,16.0,218,2978,104,5.4,17.06,31037.5,166.76,13.62,6702.56,2.35,114,30.87
LTIM,Mar 2015,4978,1005.0,769,99,10,16.0,218,2978,104,15.45,20.19,4806.25,25.82,13.62,429.49,110.4,114,1.67
M&M,Mar 2015,71448,8793.0,3381,800,3157,296.0,37911,94376,10027,4.73,12.31,1142.23,3.58,128.08,23.01,3.04,27884,0.76
MARUTI,Mar 2015,50801,6892.0,3809,817,218,151.0,666,34477,13298,7.5,13.57,2522.52,11.05,4.41,843.57,35.36,-12632,1.47
MOTHERSON,Mar 2015,34661,2844.0,1292,212,318,88.0,5131,17425,65,3.73,8.21,1468.18,7.41,58.31,54.49,9.61,5066,1.99
NAUKRI,Mar 2015,732,21.0,-14,89,4,120.0,1,2217,1175,-1.91,2.87,-11.67,-0.63,0.01,17.36,27.5,-1174,0.33
NHPC,Mar 2015,8221,5134.0,2798,1597,1296,11071.0,20584,61436,1020,34.03,62.45,25.27,4.55,1.86,16.22,5.19,19564,0.13
NTPC,Mar 2015,79957,17352.0,9992,2338,3669,8245.0,102252,219712,1902,12.5,21.7,121.19,4.55,12.4,15.7,5.37,100350,0.36
ONGC,Mar 2015,160923,42312.0,17703,5955,2864,4278.0,53944,337847,4749,11.0,26.29,413.81,5.24,12.61,72.67,16.85,49195,0.48
PFC,Mar 2015,24988,8429.0,6004,25,15456,1320.0,187795,228912,528,24.03,33.73,454.85,2.62,142.27,4.46,0.55,187267,0.11
PIDILITIND,Mar 2015,4844,771.0,514,40,16,51.0,58,3315,370,10.61,15.92,1007.84,15.51,1.14,707.34,50.69,-312,1.46
PNB,Mar 2015,48710,,3525,6175,31343,104.0,16481,19035,1586,7.24,,3389.42,18.52,158.47,,,14895,2.56
PNB,Mar 2015,48710,,3525,6175,31343,104.0,16481,19035,1586,7.24,,3389.42,18.52,158.47,,,14895,2.56
PNB,Mar 2015,48710,,3525,6175,31343,104.0,16481,19035,1586,7.24,,3389.42,18.52,158.47,,,14895,2.56
PNB,Mar 2015,48710,,3525,6175,31343,104.0,16481,19035,1586,7.24,,3389.42,18.52,158.47,,,14895,2.56
PNB,Mar 2015,48710,,3525,6175,31343,104.0,16481,19035,1586,7.24,,3389.42,18.52,158.47,,,14895,2.56
POWERGRID,Mar 2015,17540,14927.0,5046,731,4081,5232.0,96243,160784,220,28.77,85.1,96.44,3.14,18.4,14.71,3.84,96023,0.11
POWERGRID,Mar 2015,17540,14927.0,5046,731,4081,5232.0,96243,160784,220,28.77,85.1,96.44,3.14,18.4,14.71,3.84,96023,0.11
RECLTD,Mar 2015,20544,19395.0,5344,6,11840,987.0,150979,183456,1596,26.01,94.41,541.44,2.91,152.97,12.76,1.64,149383,0.11
RELIANCE,Mar 2015,374372,37449.0,23640,8528,3316,2943.0,168251,504486,76451,6.31,10.0,803.26,4.69,57.17,21.88,13.87,91800,0.74
SBILIFE,Mar 2015,23399,794.0,815,183,4,1000.0,0,74121,69385,3.48,3.39,81.5,1.1,0.0,79.4,244.25,-69385,0.32
SHRIRAMFIN,Mar 2015,9177,1691.0,1028,2,4706,227.0,46695,62154,3037,11.2,18.43,452.86,1.65,205.7,3.6,0.36,43658,0.15
SUNPHARMA,Mar 2015,27392,7894.0,5476,283,579,207.0,8996,48723,2716,19.99,28.82,2645.41,11.24,43.46,85.78,14.12,6280,0.56
TATACONSUM,Mar 2015,7993,792.0,273,-77,82,62.0,1324,9458,622,3.42,9.91,440.32,2.89,21.35,57.14,8.72,702,0.85
TATAMOTORS,Mar 2015,263159,39239.0,14073,714,4861,644.0,73610,237315,15337,5.35,14.91,2185.25,5.93,114.3,52.84,8.22,58273,1.11
TATAPOWER,Mar 2015,33593,6301.0,457,1056,3699,270.0,40607,75185,3445,1.36,18.76,169.26,0.61,150.4,15.41,1.99,37162,0.45
TATASTEEL,Mar 2015,139504,3409.0,-3939,5994,4848,971.0,80701,159109,3455,-2.82,2.44,-405.66,-2.48,83.11,4.17,1.94,77246,0.88
TCS,Mar 2015,94648,24482.0,20060,3720,104,196.0,358,73318,1662,21.19,25.87,10234.69,27.36,1.83,4419.13,271.17,-1304,1.29
TECHM,Mar 2015,22621,4193.0,2659,106,69,480.0,700,19848,2103,11.75,18.54,553.96,13.4,1.46,355.34,62.3,-1403,1.14
TECHM,Mar 2015,22621,4193.0,2659,106,69,480.0,700,19848,2103,11.75,18.54,553.96,13.4,1.46,355.34,62.3,-1403,1.14
TITAN,Mar 2015,11913,1153.0,816,67,81,89.0,100,5868,3,6.85,9.68,916.85,13.91,1.12,610.05,15.06,97,2.03
TORNTPHARM,Mar 2015,4636,1020.0,751,286,175,85.0,2740,7820,298,16.2,22.0,883.53,9.6,32.24,36.11,7.46,2442,0.59
TRENT,Mar 2015,2284,88.0,129,208,22,33.0,267,2207,740,5.65,3.85,390.91,5.85,8.09,29.33,13.45,-473,1.03
TVSMOTOR,Mar 2015,10256,605.0,328,80,62,48.0,1119,4570,539,3.2,5.9,683.33,7.18,23.31,51.84,11.05,580,2.24
ULTRACEMCO,Mar 2015,23306,4425.0,2102,350,587,274.0,9829,38053,4500,9.02,18.99,767.15,5.52,35.87,43.8,8.13,5329,0.61
UNIONBANK,Mar 2015,32164,-973.0,1771,3957,23640,636.0,352618,383566,85818,5.51,-3.03,278.46,0.46,554.43,-0.28,0.13,266800,0.08
ABB,Mar 2016,2614,365.0,255,50,3,21.0,0,1616,0,9.76,13.96,1214.29,15.78,0.0,1738.1,138.33,0,1.62
ADANIENSOL,Mar 2016,2194,1927.0,368,70,957,1100.0,8585,11746,20,16.77,87.83,33.45,3.13,7.8,19.9,2.09,8565,0.19
ADANIENT,Mar 2016,34008,1684.0,1000,1044,1357,110.0,19169,41679,805,2.94,4.95,909.09,2.4,174.26,8.73,2.01,18364,0.82
ADANIPORTS,Mar 2016,7109,4577.0,2856,730,1124,414.0,22342,38385,545,40.17,64.38,689.86,7.44,53.97,20.11,4.72,21797,0.19
ADANIPORTS,Mar 2016,7109,4577.0,2856,730,1124,414.0,22342,38385,545,40.17,64.38,689.86,7.44,53.97,20.11,4.72,21797,0.19
ADANIPOWER,Mar 2016,25377,8802.0,551,-201,5560,3334.0,52729,75794,0,2.17,34.68,16.53,0.73,15.82,15.7,1.55,52729,0.33
APOLLOHOSP,Mar 2016,6150,684.0,235,92,180,70.0,2834,7360,352,3.82,11.12,335.71,3.19,40.49,23.55,4.31,2482,0.84
ASIANPAINT,Mar 2016,14271,2725.0,1803,213,49,96.0,323,10559,2712,12.63,19.09,1878.12,17.08,3.36,650.36,59.96,-2389,1.35
ASIANPAINT,Mar 2016,14271,2725.0,1803,213,49,96.0,323,10559,2712,12.63,19.09,1878.12,17.08,3.36,650.36,59.96,-2389,1.35
AXISBANK,Mar 2016,40988,13367.0,8224,8,9371,477.0,472150,546387,131399,20.06,32.61,1724.11,1.51,989.83,2.83,1.43,340751,0.08
BAJAJ-AUTO,Mar 2016,22574,4793.0,4061,1194,1,289.0,118,17240,11067,17.99,21.23,1405.19,23.56,0.41,1177.64,5987.0,-10949,1.31
BAJAJFINSV,Mar 2016,20533,6739.0,2775,0,2877,80.0,36062,103951,53698,13.51,32.82,3468.75,2.67,450.78,18.65,2.34,-17636,0.2
BAJAJHLDNG,Mar 2016,470,429.0,2265,7,0,111.0,0,15472,13276,481.91,91.28,2040.54,14.64,0.0,386.49,,-13276,0.03
BAJFINANCE,Mar 2016,7299,2354.0,1279,27,35,54.0,37025,46973,1029,17.52,32.25,2368.52,2.72,685.65,6.35,68.03,35996,0.16
BANKBARODA,Mar 2016,45799,25391.0,-5033,-26,5992,462.0,620536,691173,128894,-10.99,55.44,-1089.39,-0.73,1343.15,4.09,4.23,491642,0.07
BEL,Mar 2016,7354,1393.0,1337,573,10,9.0,25,52,0,18.18,18.94,14855.56,2571.15,2.78,4097.06,196.6,25,141.42
BHARTIARTL,Mar 2016,96532,33984.0,6893,4858,8546,1999.0,100646,224472,11977,7.14,35.2,344.82,3.07,50.35,33.11,4.55,88669,0.43
BHEL,Mar 2016,25505,-1357.0,-706,1492,360,490.0,211,65577,796,-2.77,-5.32,-144.08,-1.08,0.43,-193.58,0.38,-585,0.39
BOSCHLTD,Mar 2016,9701,1878.0,1531,623,13,31.0,50,12433,4628,15.78,19.36,4938.71,12.31,1.61,2318.52,192.38,-4578,0.78
BPCL,Mar 2016,187815,12971.0,8089,1913,680,656.0,23388,86422,9401,4.31,6.91,1233.08,9.36,35.65,53.95,21.89,13987,2.17
BRITANNIA,Mar 2016,8397,1224.0,825,115,5,24.0,131,3494,788,9.82,14.58,3437.5,23.61,5.46,789.68,267.8,-657,2.4
CANBK,Mar 2016,44039,17785.0,-2535,-18,5266,543.0,506712,563725,152470,-5.76,40.38,-466.85,-0.45,933.17,3.51,3.37,354242,0.08
CHOLAFIN,Mar 2016,4214,1266.0,575,21,2,156.0,22546,27889,16,13.64,30.04,368.59,2.06,144.53,5.58,643.5,22530,0.15
CIPLA,Mar 2016,13790,11310.0,1383,18,208,161.0,5202,21049,759,10.03,82.02,859.01,6.57,32.31,210.89,54.46,4443,0.66
COALINDIA,Mar 2016,77861,59147.0,14267,24,5939,6316.0,1199,113560,2906,18.32,75.96,225.89,12.56,0.19,787.05,9.96,-1707,0.69
DABUR,Mar 2016,7780,1518.0,1254,217,48,176.0,805,6932,2691,16.12,19.51,712.5,18.09,4.57,154.74,36.15,-1886,1.12
DIVISLAB,Mar 2016,3776,1423.0,1126,93,5,53.0,42,4898,803,29.82,37.69,2124.53,22.99,0.79,1497.89,303.2,-761,0.77
DLF,Mar 2016,9926,3966.0,305,506,2680,357.0,25264,61729,21310,3.07,39.96,85.43,0.49,70.77,15.48,1.67,3954,0.16
DMART,Mar 2016,8584,664.0,320,17,91,562.0,1192,3102,29,3.73,7.74,56.94,10.32,2.12,37.86,7.48,1163,2.77
DRREDDY,Mar 2016,15568,3585.0,2131,295,83,85.0,3352,20330,3833,13.69,23.03,2507.06,10.48,39.44,104.31,46.75,-481,0.77
EICHERMOT,Mar 2016,6173,1690.0,1338,326,2,27.0,23,4939,3388,21.68,27.38,4955.56,27.09,0.85,3380.0,1008.0,-3365,1.25
GAIL,Mar 2016,52053,4536.0,1874,731,822,1268.0,9052,59063,9844,3.6,8.71,147.79,3.17,7.14,43.95,6.41,-792,0.88
GODREJCP,Mar 2016,8424,1657.0,831,-262,128,34.0,2891,9679,190,9.86,19.67,2444.12,8.59,85.03,56.65,10.9,2701,0.87
GRASIM,Mar 2016,34487,5911.0,3455,1320,718,93.0,12505,59576,10601,10.02,17.14,3715.05,5.8,134.46,46.92,10.07,1904,0.58
HAL,Mar 2016,16758,2478.0,1998,1598,6,5.0,18,176,0,11.92,14.79,39960.0,1135.23,3.6,10773.91,679.33,18,95.22
HAVELLS,Mar 2016,7594,796.0,1300,949,91,62.0,134,4387,189,17.12,10.48,2096.77,29.63,2.16,406.12,19.18,-55,1.73
HDFCBANK,Mar 2016,63162,20055.0,12821,14,11212,506.0,649587,762212,193634,20.3,31.75,2533.79,1.68,1283.77,3.08,1.79,455953,0.08
HDFCLIFE,Mar 2016,18141,17187.0,817,5,108,1995.0,0,76544,74144,4.5,94.74,40.95,1.07,0.0,861.5,159.19,-74144,0.24
HEROMOTOCO,Mar 2016,28457,24033.0,3112,16,421,40.0,232,12896,4501,10.94,84.45,7780.0,24.13,5.8,8835.66,57.12,-4269,2.21
HINDALCO,Mar 2016,98759,90981.0,-702,8,1500,207.0,67552,141146,12463,-0.71,92.12,-339.13,-0.5,326.34,134.27,60.66,55089,0.7
HINDUNILVR,Mar 2016,32186,26276.0,4151,18,486,216.0,177,14793,2592,12.9,81.64,1921.76,28.06,0.82,6686.01,54.1,-2415,2.18
ICICIBANK,Mar 2016,59294,52252.0,10927,-45,42102,1163.0,671455,918756,286044,18.43,88.12,939.55,1.19,577.35,7.77,1.24,385411,0.06
ICICIGI,Mar 2016,6033,5269.0,507,13,0,448.0,0,15676,11426,8.4,87.34,113.17,3.23,0.0,1176.12,,-11426,0.38
ICICIPRULI,Mar 2016,20849,19008.0,1650,9,0,1432.0,1029,104765,103024,7.91,91.17,115.22,1.57,0.72,772.37,,-101995,0.2
INDIGO,Mar 2016,16140,12976.0,1986,20,515,0.4,8,196,124,12.3,80.4,496500.0,1013.27,20.0,154476.19,25.23,-116,82.35
INDUSINDBK,Mar 2016,11872,4188.0,2286,3,3297,595.0,117996,142897,34054,19.26,35.28,384.2,1.6,198.31,3.53,1.27,83942,0.08
INFY,Mar 2016,62441,17079.0,13489,3120,0,1144.0,0,75098,1892,21.6,27.35,1179.11,17.96,0.0,1492.92,,-1892,0.83
IOC,Mar 2016,346045,22038.0,12413,5219,3487,2370.0,58552,231715,31185,3.59,6.37,523.76,5.36,24.71,36.17,7.82,27367,1.49
IRCTC,Mar 2016,1367,190.0,189,139,0,20.0,0,1437,0,13.83,13.9,945.0,13.15,0.0,950.0,,0,0.95
IRFC,Mar 2016,7507,7468.0,849,1,5519,4526.0,87503,108400,8,11.31,99.48,18.76,0.78,19.33,8.11,1.35,87495,0.07
ITC,Mar 2016,39192,14531.0,9501,1483,78,805.0,84,51651,11748,24.24,37.08,1180.25,18.39,0.1,1634.53,205.31,-11664,0.76
JINDALSTEL,Mar 2016,19469,3437.0,-3087,-79,3254,91.0,46797,92398,392,-15.86,17.65,-3392.31,-3.34,514.25,7.33,1.03,46405,0.21
JSWENERGY,Mar 2016,9824,4029.0,1460,340,1498,1627.0,14862,28539,1012,14.86,41.01,89.74,5.12,9.13,24.43,2.92,13850,0.34
JSWSTEEL,Mar 2016,41546,6422.0,-481,-1966,3601,301.0,42204,81907,1195,-1.16,15.46,-159.8,-0.59,140.21,15.11,1.24,41009,0.51
KOTAKBANK,Mar 2016,20402,11541.0,3524,-11,7631,917.0,179679,240804,70274,17.27,56.57,384.3,1.46,195.94,6.39,1.51,109405,0.08
LODHA,Mar 2016,8249,2126.0,703,510,988,108.0,13835,30981,611,8.52,25.77,650.93,2.27,128.1,15.25,2.67,13224,0.27
LT,Mar 2016,101122,15486.0,4592,1219,6899,17.0,55,3137,43,4.54,15.31,27011.76,146.38,3.24,21508.33,2.42,12,32.24
LTIM,Mar 2016,5846,1028.0,836,187,6,17.0,55,3137,43,14.3,17.58,4917.65,26.65,3.24,1427.78,202.5,12,1.86
M&M,Mar 2016,75841,10082.0,3554,1399,3368,270.0,41553,99852,11603,4.69,13.29,1316.3,3.56,153.9,24.11,3.41,29950,0.76
MARUTI,Mar 2016,57589,9024.0,5497,1464,82,151.0,231,42726,20676,9.55,15.67,3640.4,12.87,1.53,2362.3,127.9,-20445,1.35
MOTHERSON,Mar 2016,37216,3548.0,1774,177,345,132.0,6069,19665,590,4.77,9.53,1343.94,9.02,45.98,57.22,10.8,5479,1.89
NAUKRI,Mar 2016,748,91.0,118,111,3,121.0,1,1925,568,15.78,12.17,97.52,6.13,0.01,74.59,67.33,-567,0.39
NHPC,Mar 2016,8354,4783.0,2365,1174,1160,11071.0,19938,62823,606,28.31,57.25,21.36,3.76,1.8,15.42,5.14,19332,0.13
NTPC,Mar 2016,73396,18568.0,10781,1188,3366,8245.0,99424,224665,6473,14.69,25.3,130.76,4.8,12.06,17.25,5.87,92951,0.33
ONGC,Mar 2016,124036,39135.0,13102,1067,3766,4278.0,45500,341772,33387,10.56,31.55,306.26,3.83,10.64,78.62,10.67,12113,0.36
PFC,Mar 2016,27861,9162.0,6184,25,16657,1320.0,200660,247220,2230,22.2,32.88,468.48,2.5,152.02,4.54,0.55,198430,0.11
PIDILITIND,Mar 2016,5361,1173.0,807,81,13,51.0,80,3714,706,15.05,21.88,1582.35,21.73,1.57,895.42,96.46,-626,1.44
PNB,Mar 2016,50804,,-3510,6100,34331,127.0,26014,29671,1622,-6.91,,-2763.78,-11.83,204.83,,,24392,1.71
PNB,Mar 2016,50804,,-3510,6100,34331,127.0,26014,29671,1622,-6.91,,-2763.78,-11.83,204.83,,,24392,1.71
PNB,Mar 2016,50804,,-3510,6100,34331,127.0,26014,29671,1622,-6.91,,-2763.78,-11.83,204.83,,,24392,1.71
PNB,Mar 2016,50804,,-3510,6100,34331,127.0,26014,29671,1622,-6.91,,-2763.78,-11.83,204.83,,,24392,1.71
PNB,Mar 2016,50804,,-3510,6100,34331,127.0,26014,29671,1622,-6.91,,-2763.78,-11.83,204.83,,,24392,1.71
POWERGRID,Mar 2016,20652,18184.0,5959,656,5086,5232.0,108545,179312,919,28.85,88.05,113.9,3.32,20.75,15.98,3.7,107626,0.12
POWERGRID,Mar 2016,20652,18184.0,5959,656,5086,5232.0,108545,179312,919,28.85,88.05,113.9,3.32,20.75,15.98,3.7,107626,0.12
RECLTD,Mar 2016,24125,22445.0,5691,4,14282,987.0,169212,206945,2352,23.59,93.04,576.6,2.75,171.44,13.19,1.57,166860,0.12
RELIANCE,Mar 2016,272583,41781.0,29861,12212,3691,2948.0,194714,598997,84015,10.95,15.33,1012.92,4.99,66.05,21.14,14.63,110699,0.46
SBILIFE,Mar 2016,19324,920.0,844,129,5,1000.0,0,83429,77843,4.37,4.76,84.4,1.01,0.0,92.0,209.8,-77843,0.23
SHRIRAMFIN,Mar 2016,10359,1824.0,1184,3,5088,227.0,49790,68013,1340,11.43,17.61,521.59,1.74,219.34,3.65,0.36,48450,0.15
SUNPHARMA,Mar 2016,28487,8174.0,5658,-42,523,241.0,8497,55428,1830,19.86,28.69,2347.72,10.21,35.26,93.55,15.55,6667,0.51
TATACONSUM,Mar 2016,6637,366.0,-37,38,117,63.0,1354,9895,1366,-0.56,5.51,-58.73,-0.37,21.49,25.83,3.45,-12,0.67
TATAMOTORS,Mar 2016,273046,38395.0,11678,-2670,4889,679.0,69360,263184,23767,4.28,14.06,1719.88,4.44,102.15,54.82,7.31,45593,1.04
TATAPOWER,Mar 2016,29494,2105.0,786,4060,3236,270.0,38849,70057,11785,2.66,7.14,291.11,1.12,143.89,5.38,1.91,27064,0.42
TATASTEEL,Mar 2016,101965,-625.0,-497,10346,4221,970.0,81987,176884,10714,-0.49,-0.61,-51.24,-0.28,84.52,-0.75,2.3,71273,0.58
TCS,Mar 2016,108646,30677.0,24338,3084,33,197.0,245,88291,22822,22.4,28.24,12354.31,27.57,1.24,6940.5,1023.06,-22577,1.23
TECHM,Mar 2016,26494,4260.0,3027,453,97,436.0,1091,22525,1297,11.43,16.08,694.27,13.44,2.5,278.98,48.59,-206,1.18
TECHM,Mar 2016,26494,4260.0,3027,453,97,436.0,1091,22525,1297,11.43,16.08,694.27,13.44,2.5,278.98,48.59,-206,1.18
TITAN,Mar 2016,11276,939.0,675,69,42,89.0,113,6342,30,5.99,8.33,758.43,10.64,1.27,464.85,24.0,83,1.78
TORNTPHARM,Mar 2016,6687,2733.0,1733,32,184,85.0,2352,8886,780,25.92,40.87,2038.82,19.5,27.67,112.15,15.03,1572,0.75
TRENT,Mar 2016,1686,90.0,55,86,48,33.0,400,2157,1067,3.26,5.34,166.67,2.55,12.12,20.79,3.67,-667,0.78
TVSMOTOR,Mar 2016,11377,819.0,429,93,70,48.0,1091,5146,943,3.77,7.2,893.75,8.34,22.73,71.91,13.03,148,2.21
ULTRACEMCO,Mar 2016,25153,4901.0,2480,464,566,274.0,10616,41193,5095,9.86,19.48,905.11,6.02,38.74,45.0,9.48,5521,0.61
UNIONBANK,Mar 2016,32316,-1928.0,1347,3934,23894,687.0,374754,407365,90573,4.17,-5.97,196.07,0.33,545.49,-0.51,0.08,284181,0.08
ABB,Mar 2017,2903,398.0,277,57,2,21.0,0,2066,0,9.54,13.71,1319.05,13.41,0.0,1895.24,227.5,0,1.41
ADANIENSOL,Mar 2017,2876,1983.0,416,22,904,1100.0,8975,12811,105,14.46,68.95,37.82,3.25,8.16,19.68,2.22,8870,0.22
ADANIENT,Mar 2017,36533,1902.0,925,749,1257,110.0,20846,47611,1042,2.53,5.21,840.91,1.94,189.51,9.08,2.11,19804,0.77
ADANIGREEN,Mar 2017,502,403.0,-47,80,334,1274.0,4347,6160,26,-9.36,80.28,-3.69,-0.76,3.41,7.17,1.45,4321,0.08
ADANIPORTS,Mar 2017,8439,5418.0,3902,1037,1116,414.0,22214,43369,1161,46.24,64.2,942.51,9.0,53.66,23.94,5.78,21053,0.19
ADANIPORTS,Mar 2017,8439,5418.0,3902,1037,1116,414.0,22214,43369,1161,46.24,64.2,942.51,9.0,53.66,23.94,5.78,21053,0.19
ADANIPOWER,Mar 2017,22616,5980.0,-6174,-3666,5902,3857.0,52484,71511,164,-27.3,26.44,-160.07,-8.63,13.61,10.61,0.39,52320,0.32
APOLLOHOSP,Mar 2017,7256,734.0,131,60,257,70.0,3125,8103,406,1.81,10.12,187.14,1.62,44.64,22.97,3.09,2719,0.9
ASIANPAINT,Mar 2017,15062,2994.0,2016,338,37,96.0,560,12405,2652,13.38,19.88,2100.0,16.25,5.83,456.4,90.05,-2092,1.21
ASIANPAINT,Mar 2017,15062,2994.0,2016,338,37,96.0,560,12405,2652,13.38,19.88,2100.0,16.25,5.83,456.4,90.05,-2092,1.21
AXISBANK,Mar 2017,44542,23808.0,3679,-13,11691,479.0,527437,611462,129018,8.26,53.45,768.06,0.6,1101.12,4.51,2.04,398419,0.07
BAJAJ-AUTO,Mar 2017,21755,4429.0,4079,1468,1,289.0,120,21638,15477,18.75,20.36,1411.42,18.85,0.42,1082.89,5897.0,-15357,1.01
BAJAJFINSV,Mar 2017,24507,8713.0,3450,0,3716,80.0,48282,128614,62658,14.08,35.55,4312.5,2.68,603.52,18.02,2.34,-14376,0.19
BAJAJHLDNG,Mar 2017,842,628.0,2473,8,0,111.0,0,17889,17364,293.71,74.58,2227.93,13.82,0.0,565.77,,-17364,0.05
BAJFINANCE,Mar 2017,9970,3250.0,1836,29,22,109.0,49250,63731,4070,18.42,32.6,1684.4,2.88,451.83,6.58,149.05,45180,0.16
BANKBARODA,Mar 2017,44473,19250.0,1855,-10,7937,462.0,648499,719216,140716,4.17,43.28,401.52,0.26,1403.68,2.97,2.42,507783,0.06
BEL,Mar 2017,8656,1792.0,1523,420,18,9.0,29,77,0,17.59,20.7,16922.22,1977.92,3.22,4715.79,122.89,29,112.42
BHARTIARTL,Mar 2017,95468,35330.0,4241,1713,9547,1999.0,107288,232322,14339,4.44,37.01,212.16,1.83,53.67,32.33,3.88,92949,0.41
BHEL,Mar 2017,28465,1095.0,455,753,413,490.0,156,61698,757,1.6,3.85,92.86,0.74,0.32,169.5,4.47,-601,0.46
BOSCHLTD,Mar 2017,10435,1963.0,1741,912,27,30.0,0,11800,3927,16.68,18.81,5803.33,14.75,0.0,6543.33,106.48,-3927,0.88
BPCL,Mar 2017,201251,13783.0,9507,2721,696,1311.0,35725,109086,21327,4.72,6.85,725.17,8.72,27.25,37.22,23.71,14398,1.84
BRITANNIA,Mar 2017,9054,1278.0,885,151,5,24.0,125,4109,487,9.77,14.12,3687.5,21.54,5.21,857.72,285.8,-362,2.2
CANBK,Mar 2017,41457,15691.0,1411,-14,7852,597.0,534858,596159,162073,3.4,37.85,236.35,0.24,895.91,2.93,2.0,372785,0.07
CHOLAFIN,Mar 2017,4694,1322.0,718,24,3,156.0,24071,30598,182,15.3,28.16,460.26,2.35,154.3,5.46,448.67,23889,0.15
CIPLA,Mar 2017,14394,11898.0,1035,17,208,161.0,4113,20869,973,7.19,82.66,642.86,4.96,25.55,278.38,57.28,3140,0.69
COALINDIA,Mar 2017,78164,65716.0,9280,16,5316,6207.0,3014,118587,1483,11.87,84.07,149.51,7.83,0.49,712.68,12.36,1531,0.66
DABUR,Mar 2017,7614,1512.0,1280,296,54,176.0,975,7732,3240,16.81,19.86,727.27,16.55,5.54,131.36,33.48,-2265,0.98
DIVISLAB,Mar 2017,4064,1450.0,1060,72,3,53.0,36,6155,1631,26.08,35.68,2000.0,17.22,0.68,1629.21,507.33,-1595,0.66
DLF,Mar 2017,8221,3446.0,708,1135,2980,357.0,29202,63954,1209,8.61,41.92,198.32,1.11,81.8,11.66,1.54,27993,0.13
DMART,Mar 2017,11898,969.0,479,28,122,624.0,1497,5819,26,4.03,8.14,76.76,8.23,2.4,45.69,8.17,1471,2.04
DRREDDY,Mar 2017,14196,2472.0,1292,172,79,83.0,4918,21654,2110,9.1,17.41,1556.63,5.97,59.25,49.43,33.47,2808,0.66
EICHERMOT,Mar 2017,7033,2174.0,1667,416,4,27.0,112,7009,4987,23.7,30.91,6174.07,23.78,4.15,1564.03,647.5,-4875,1.0
GAIL,Mar 2017,48552,6021.0,3374,1212,509,1691.0,6553,58291,10125,6.95,12.4,199.53,5.79,3.88,73.03,14.21,-3572,0.83
GODREJCP,Mar 2017,9268,1907.0,1308,76,154,34.0,4001,12940,934,14.11,20.58,3847.06,10.11,117.68,47.26,12.88,3067,0.72
GRASIM,Mar 2017,36068,7387.0,4246,1076,702,93.0,9213,62747,14200,11.77,20.48,4565.59,6.77,99.06,79.38,12.06,-4987,0.57
HAL,Mar 2017,17950,3236.0,2616,1044,16,5.0,2,170,22,14.57,18.03,52320.0,1538.82,0.4,46228.57,267.5,-20,105.59
HAVELLS,Mar 2017,6130,815.0,494,42,13,62.0,208,5168,162,8.06,13.3,796.77,9.56,3.35,301.85,65.92,46,1.19
HCLTECH,Mar 2017,47568,10390.0,8606,1069,89,285.0,582,45762,1306,18.09,21.84,3019.65,18.81,2.04,1198.39,128.75,-724,1.04
HDFCBANK,Mar 2017,73271,23856.0,15317,16,12905,513.0,741550,892344,210777,20.9,32.56,2985.77,1.72,1445.52,3.21,1.85,530773,0.08
HDFCLIFE,Mar 2017,30647,29674.0,887,3,139,1998.0,0,95097,91723,2.89,96.83,44.39,0.93,0.0,1485.19,213.5,-91723,0.32
HEROMOTOCO,Mar 2017,28610,24025.0,3546,16,830,40.0,261,15312,6066,12.39,83.97,8865.0,23.16,6.52,7981.73,28.97,-5805,1.87
HINDALCO,Mar 2017,100184,87867.0,1882,12,1198,223.0,63817,146144,15157,1.88,87.71,843.95,1.29,286.17,137.21,73.35,48660,0.69
HINDUNILVR,Mar 2017,33162,26834.0,4490,19,606,216.0,277,15706,3794,13.54,80.92,2078.7,28.59,1.28,5443.0,44.31,-3517,2.11
ICICIBANK,Mar 2017,60940,63841.0,11340,-62,52458,1165.0,700874,985725,304373,18.61,104.76,973.39,1.15,601.61,9.09,1.22,396501,0.06
ICICIGI,Mar 2017,7520,6601.0,702,12,-2,451.0,485,23351,14806,9.34,87.78,155.65,3.01,1.08,705.24,-3306.5,-14321,0.32
ICICIPRULI,Mar 2017,37816,36010.0,1682,5,130,1435.0,0,124741,121581,4.45,95.22,117.21,1.35,0.0,2509.41,277.04,-121581,0.3
INDIGO,Mar 2017,18580,16362.0,1659,12,789,29.0,52,246,16,8.93,88.06,5720.69,674.39,1.79,20200.0,20.75,36,75.53
INDUSINDBK,Mar 2017,14406,5684.0,2868,3,4171,598.0,149026,178648,36702,19.91,39.46,479.6,1.61,249.21,3.8,1.36,112324,0.08
INFY,Mar 2017,68484,18604.0,14353,3050,0,1144.0,0,83148,16423,20.96,27.17,1254.63,17.26,0.0,1626.22,,-16423,0.82
IOC,Mar 2017,355379,34149.0,20385,4356,3743,4739.0,63271,273719,43687,5.74,9.61,430.15,7.45,13.35,50.21,10.29,19584,1.3
IRCTC,Mar 2017,1520,314.0,229,67,3,40.0,0,1826,0,15.07,20.66,572.5,12.54,0.0,785.0,127.0,0,0.83
IRFC,Mar 2017,9047,9021.0,934,0,6888,6526.0,106395,129650,8,10.32,99.71,14.31,0.72,16.3,7.99,1.31,106387,0.07
ITC,Mar 2017,42768,15470.0,10477,1759,49,1215.0,46,55898,17581,24.5,36.17,862.3,18.74,0.04,1226.8,351.61,-17535,0.77
JINDALSTEL,Mar 2017,21603,4709.0,-2538,-362,3441,92.0,45850,90575,368,-11.75,21.8,-2758.7,-2.8,498.37,10.25,1.26,45482,0.24
JSWENERGY,Mar 2017,8263,3324.0,623,221,1685,1628.0,14349,28389,1579,7.54,40.23,38.27,2.19,8.81,20.8,2.1,12770,0.29
JSWSTEEL,Mar 2017,55604,12308.0,3467,18,3768,301.0,43334,88005,1366,6.24,22.14,1151.83,3.94,143.97,28.21,3.27,41968,0.63
KOTAKBANK,Mar 2017,22324,14832.0,5019,-18,11660,920.0,205230,276188,68462,22.48,66.44,545.54,1.82,223.08,7.19,1.27,136768,0.08
LODHA,Mar 2017,7926,1614.0,584,584,736,113.0,16183,33931,1180,7.37,20.36,516.81,1.72,143.21,9.9,2.99,15003,0.23
LT,Mar 2017,109312,16620.0,6486,1466,6829,17.0,0,4417,941,5.93,15.2,38152.94,146.84,0.0,97764.71,2.65,-941,24.75
LTIM,Mar 2017,6501,1230.0,971,187,3,17.0,0,4417,941,14.94,18.92,5711.76,21.98,0.0,7235.29,472.33,-941,1.47
M&M,Mar 2017,83773,10735.0,4051,2077,3647,311.0,48762,113835,14662,4.84,12.81,1302.57,3.56,156.79,21.88,3.51,34100,0.74
MARUTI,Mar 2017,68085,10421.0,7511,2399,89,151.0,484,51960,29151,11.03,15.31,4974.17,14.46,3.21,1641.1,144.04,-28667,1.31
MOTHERSON,Mar 2017,42376,4171.0,2172,346,375,140.0,10349,31944,474,5.13,9.84,1551.43,6.8,73.92,39.77,12.05,9875,1.33
NAUKRI,Mar 2017,888,-9.0,-43,50,4,121.0,1,2053,551,-4.84,-1.01,-35.54,-2.09,0.01,-7.38,10.25,-550,0.43
NHPC,Mar 2017,8623,4884.0,3480,2245,1133,10259.0,19227,60187,1020,40.36,56.64,33.92,5.78,1.87,16.56,6.29,18207,0.14
NTPC,Mar 2017,82042,21598.0,10714,1592,3753,8245.0,113773,248601,7614,13.06,26.33,129.95,4.31,13.8,17.7,6.18,106159,0.33
ONGC,Mar 2017,282506,52804.0,29169,12724,3591,6417.0,80029,444525,70746,10.33,18.69,454.56,6.56,12.47,61.08,18.25,9283,0.64
PFC,Mar 2017,27581,5275.0,2236,30,16768,2640.0,202993,259537,3145,8.11,19.13,84.7,0.86,76.89,2.57,0.32,199848,0.11
PIDILITIND,Mar 2017,5617,1262.0,863,115,14,51.0,98,4770,1443,15.36,22.47,1692.16,18.09,1.92,846.98,98.36,-1345,1.18
PNB,Mar 2017,48058,,1239,9168,32722,166.0,35497,42960,3280,2.58,,746.39,2.88,213.84,,,32217,1.12
PNB,Mar 2017,48058,,1239,9168,32722,166.0,35497,42960,3280,2.58,,746.39,2.88,213.84,,,32217,1.12
PNB,Mar 2017,48058,,1239,9168,32722,166.0,35497,42960,3280,2.58,,746.39,2.88,213.84,,,32217,1.12
PNB,Mar 2017,48058,,1239,9168,32722,166.0,35497,42960,3280,2.58,,746.39,2.88,213.84,,,32217,1.12
PNB,Mar 2017,48058,,1239,9168,32722,166.0,35497,42960,3280,2.58,,746.39,2.88,213.84,,,32217,1.12
POWERGRID,Mar 2017,25697,22450.0,7451,933,6204,5232.0,118988,195662,1165,29.0,87.36,142.41,3.81,22.74,18.07,3.77,117823,0.13
POWERGRID,Mar 2017,25697,22450.0,7451,933,6204,5232.0,118988,195662,1165,29.0,87.36,142.41,3.81,22.74,18.07,3.77,117823,0.13
RECLTD,Mar 2017,24338,22450.0,6313,24,13462,1975.0,167852,210245,2617,25.94,92.24,319.65,3.0,84.99,13.22,1.67,165235,0.12
RELIANCE,Mar 2017,303954,46307.0,29833,9222,3849,2959.0,217475,706802,82899,9.81,15.23,1008.21,4.22,73.5,21.01,14.43,134576,0.43
SBILIFE,Mar 2017,30548,1068.0,955,139,5,1000.0,0,102240,95830,3.13,3.5,95.5,0.93,0.0,106.8,241.4,-95830,0.3
SHREECEM,Mar 2017,8594,2513.0,1339,362,129,35.0,1293,11166,4042,15.58,29.24,3825.71,11.99,36.94,189.23,22.29,-2749,0.77
SHRIRAMFIN,Mar 2017,10903,1972.0,1266,1,5219,227.0,53080,74446,1518,11.61,18.09,557.71,1.7,233.83,3.7,0.38,51562,0.15
SUNPHARMA,Mar 2017,31578,10102.0,7846,610,400,240.0,9832,61095,1192,24.85,31.99,3269.17,12.84,40.97,100.3,26.78,8640,0.52
TATACONSUM,Mar 2017,6780,791.0,455,88,43,63.0,787,9551,1451,6.71,11.67,722.22,4.76,12.49,93.06,20.44,-664,0.71
TATAMOTORS,Mar 2017,269693,29589.0,7557,1869,4238,679.0,78604,272580,20338,2.8,10.97,1112.96,2.77,115.76,37.32,7.42,58266,0.99
TATAPOWER,Mar 2017,27588,5473.0,1100,1297,3365,270.0,48815,82829,11873,3.99,19.84,407.41,1.33,180.8,11.15,2.01,36942,0.33
TATASTEEL,Mar 2017,112299,13144.0,-4169,-3789,5072,970.0,83014,172447,12457,-3.71,11.7,-429.79,-2.42,85.58,15.65,1.84,70557,0.65
TCS,Mar 2017,117966,32311.0,26357,4221,32,197.0,289,102333,41980,22.34,27.39,13379.19,25.76,1.47,6648.35,1141.62,-41691,1.15
TECHM,Mar 2017,29141,4184.0,2851,775,129,439.0,1366,26057,2396,9.78,14.36,649.43,10.94,3.11,231.8,38.44,-1030,1.12
TECHM,Mar 2017,29141,4184.0,2851,775,129,439.0,1366,26057,2396,9.78,14.36,649.43,10.94,3.11,231.8,38.44,-1030,1.12
TITAN,Mar 2017,13261,1164.0,697,-42,38,89.0,1882,8408,431,5.26,8.78,783.15,8.29,21.15,59.06,29.53,1451,1.58
TORNTPHARM,Mar 2017,5816,1377.0,934,223,206,85.0,2510,9601,804,16.06,23.68,1098.82,9.73,29.53,53.06,7.77,1706,0.61
TRENT,Mar 2017,1812,134.0,85,81,46,33.0,392,2222,1080,4.69,7.4,257.58,3.83,11.88,31.53,4.67,-688,0.82
TVSMOTOR,Mar 2017,12463,871.0,509,163,60,48.0,1311,6128,1155,4.08,6.99,1060.42,8.31,27.31,64.09,17.23,156,2.03
ULTRACEMCO,Mar 2017,25375,5212.0,2714,648,640,275.0,8474,42209,6691,10.7,20.54,986.91,6.43,30.81,59.57,9.16,1783,0.6
UNIONBANK,Mar 2017,32817,-4830.0,573,5430,23771,687.0,418420,455681,113441,1.75,-14.72,83.41,0.13,609.05,-1.15,0.03,304979,0.07
ABB,Mar 2018,3298,525.0,401,117,4,21.0,0,2416,0,12.16,15.92,1909.52,16.6,0.0,2500.0,160.5,0,1.37
ADANIENSOL,Mar 2018,3944,2826.0,1143,111,886,1100.0,10428,17265,0,28.98,71.65,103.91,6.62,9.48,24.51,3.31,10428,0.23
ADANIENT,Mar 2018,35924,2038.0,594,363,1250,110.0,17637,56405,1461,1.65,5.67,540.0,1.05,160.34,11.48,1.92,16176,0.64
ADANIGREEN,Mar 2018,1480,843.0,-138,42,552,1564.0,9864,15709,87,-9.32,56.96,-8.82,-0.88,6.31,7.38,1.6,9777,0.09
ADANIPORTS,Mar 2018,11323,7157.0,3690,844,1579,414.0,22370,47233,1079,32.59,63.21,891.3,7.81,54.03,31.41,5.07,21291,0.24
ADANIPORTS,Mar 2018,11323,7157.0,3690,844,1579,414.0,22370,47233,1079,32.59,63.21,891.3,7.81,54.03,31.41,5.07,21291,0.24
ADANIPOWER,Mar 2018,20304,5436.0,-2103,754,5570,3857.0,52835,69528,0,-10.36,26.77,-54.52,-3.02,13.7,9.59,1.11,52835,0.29
APOLLOHOSP,Mar 2018,8243,801.0,60,24,295,70.0,3427,8596,352,0.73,9.72,85.71,0.7,48.96,22.91,2.8,3075,0.96
ASIANPAINT,Mar 2018,16825,3204.0,2098,336,41,96.0,533,13763,2141,12.47,19.04,2185.42,15.24,5.55,509.38,86.34,-1608,1.22
ASIANPAINT,Mar 2018,16825,3204.0,2098,336,41,96.0,533,13763,2141,12.47,19.04,2185.42,15.24,5.55,509.38,86.34,-1608,1.22
ATGL,Mar 2018,1374,366.0,162,80,125,257.0,1345,2803,180,11.79,26.64,63.04,5.78,5.23,22.85,3.57,1165,0.49
AXISBANK,Mar 2018,45780,28895.0,276,-22,10967,513.0,611425,703703,153037,0.6,63.12,53.8,0.04,1191.86,4.72,2.63,458388,0.07
BAJAJ-AUTO,Mar 2018,25210,4846.0,4219,1404,1,289.0,121,25141,18895,16.74,19.22,1459.86,16.78,0.42,1181.95,6250.0,-18774,1.0
BAJAJFINSV,Mar 2018,32862,10788.0,4176,1,4531,80.0,65695,161514,69428,12.71,32.83,5220.0,2.59,821.19,16.4,2.38,-3733,0.2
BAJAJHLDNG,Mar 2018,420,355.0,2655,2390,0,111.0,0,25269,24575,632.14,84.52,2391.89,10.51,0.0,319.82,,-24575,0.02
BAJFINANCE,Mar 2018,12746,4115.0,2496,31,10,115.0,66557,84798,3139,19.58,32.28,2170.43,2.94,578.76,6.17,414.6,63418,0.15
BANKBARODA,Mar 2018,46056,26093.0,-1836,-20,7992,530.0,672311,747796,175137,-3.99,56.65,-346.42,-0.25,1268.51,3.88,3.26,497174,0.06
BEL,Mar 2018,10401,2039.0,1431,196,6,10.0,48,121,0,13.76,19.6,14310.0,1182.64,4.8,3515.52,372.5,48,85.96
BHARTIARTL,Mar 2018,82639,30079.0,2184,1756,9326,1999.0,111334,249521,16159,2.64,36.4,109.25,0.88,55.69,26.54,3.41,95175,0.33
BHEL,Mar 2018,28827,1653.0,438,679,330,734.0,110,63940,429,1.52,5.73,59.67,0.69,0.15,195.85,7.07,-319,0.45
BOSCHLTD,Mar 2018,11690,2093.0,1371,418,3,30.0,0,13927,5240,11.73,17.9,4570.0,9.84,0.0,6976.67,837.0,-5240,0.84
BPCL,Mar 2018,235895,15317.0,9792,2927,1186,1967.0,37659,120356,23725,4.15,6.49,497.81,8.14,19.15,38.65,15.38,13934,1.96
BRITANNIA,Mar 2018,9914,1501.0,1004,166,8,24.0,201,5188,1079,10.13,15.14,4183.33,19.35,8.38,667.11,208.38,-878,1.91
CANBK,Mar 2018,41345,25582.0,-3873,-32,7398,733.0,563756,631435,157444,-9.37,61.87,-528.38,-0.61,769.11,4.53,3.45,406312,0.07
CHOLAFIN,Mar 2018,5559,1451.0,918,26,0,156.0,38330,44167,23,16.51,26.1,588.46,2.08,245.71,3.77,,38307,0.13
CIPLA,Mar 2018,15156,12329.0,1417,19,280,161.0,4098,22673,1259,9.35,81.35,880.12,6.25,25.45,289.48,44.1,2839,0.67
COALINDIA,Mar 2018,85244,75956.0,7038,11,4975,6207.0,1538,125471,1704,8.26,89.1,113.39,5.61,0.25,980.71,15.27,-166,0.68
DABUR,Mar 2018,7722,1617.0,1358,291,53,176.0,938,8702,3805,17.59,20.94,771.59,15.61,5.33,145.15,36.0,-2867,0.89
DIVISLAB,Mar 2018,3891,1269.0,877,107,2,53.0,63,6785,1889,22.54,32.61,1654.72,12.93,1.19,1093.97,688.0,-1826,0.57
DLF,Mar 2018,6707,2378.0,4477,9722,2951,357.0,17491,60585,20832,66.75,35.46,1254.06,7.39,48.99,13.32,4.1,-3341,0.11
DMART,Mar 2018,15033,1353.0,806,88,60,624.0,439,5648,68,5.36,9.0,129.17,14.27,0.7,127.28,24.02,371,2.66
DRREDDY,Mar 2018,14281,2351.0,947,155,79,83.0,5071,22349,2298,6.63,16.46,1140.96,4.24,61.1,45.62,31.72,2773,0.64
EICHERMOT,Mar 2018,8965,2809.0,1960,536,5,27.0,151,9522,5581,21.86,31.33,7259.26,20.58,5.59,1578.09,669.0,-5430,0.94
GAIL,Mar 2018,54496,7802.0,4805,948,295,2255.0,3876,61353,10452,8.82,14.32,213.08,7.83,1.72,127.25,29.66,-6576,0.89
GODREJCP,Mar 2018,9847,2084.0,1634,283,173,68.0,3508,13864,997,16.59,21.16,2402.94,11.79,51.59,58.28,13.68,2511,0.71
GRASIM,Mar 2018,55894,11612.0,3688,410,3663,131.0,67070,207899,65995,6.6,20.78,2815.27,1.77,511.98,17.28,3.28,1075,0.27
HAL,Mar 2018,18519,3460.0,1987,761,35,5.0,3,166,24,10.73,18.68,39740.0,1196.99,0.6,43250.0,120.6,-21,111.56
HAVELLS,Mar 2018,8116,1033.0,661,97,25,63.0,115,6608,0,8.14,12.73,1049.21,10.0,1.83,580.34,45.2,115,1.23
HCLTECH,Mar 2018,50569,11246.0,8722,1230,69,278.0,557,47989,2660,17.25,22.24,3137.41,18.17,2.0,1346.83,180.81,-2103,1.05
HDFCBANK,Mar 2018,85288,29532.0,18561,16,16057,519.0,944817,1103186,238461,21.76,34.63,3576.3,1.68,1820.46,3.12,1.84,706356,0.08
HDFCLIFE,Mar 2018,32260,31186.0,1107,3,282,2012.0,0,110483,106590,3.43,96.67,55.02,1.0,0.0,1550.0,110.6,-106590,0.29
HEROMOTOCO,Mar 2018,32458,27124.0,3722,16,564,40.0,228,17397,7669,11.47,83.57,9305.0,21.39,5.7,10120.9,48.12,-7441,1.87
HINDALCO,Mar 2018,115183,101488.0,6083,12,2879,223.0,52074,147014,10781,5.28,88.11,2727.8,4.14,233.52,194.06,35.26,41293,0.78
HINDUNILVR,Mar 2018,35545,28046.0,5227,21,353,216.0,0,17862,2873,14.71,78.9,2419.91,29.26,0.0,12984.26,79.51,-2873,1.99
ICICIBANK,Mar 2018,62162,72806.0,9100,-72,56807,1286.0,815198,1124281,372208,14.64,117.12,707.62,0.81,633.9,8.92,1.28,442990,0.06
ICICIGI,Mar 2018,6912,7174.0,862,-4,1569,454.0,485,29750,18193,12.47,103.79,189.87,2.9,1.07,764.0,4.57,-17708,0.23
ICICIPRULI,Mar 2018,38832,37062.0,1619,5,132,1436.0,0,141819,138537,4.17,95.44,112.74,1.14,0.0,2580.92,280.81,-138537,0.27
INDIGO,Mar 2018,23021,19991.0,2242,13,947,29.0,54,279,15,9.74,86.84,7731.03,803.58,1.86,24085.54,21.12,39,82.51
INDUSINDBK,Mar 2018,17281,6555.0,3606,5,4750,600.0,189928,221626,50077,20.87,37.93,601.0,1.63,316.55,3.44,1.38,139851,0.08
INFY,Mar 2018,70522,18822.0,16029,3311,0,1088.0,0,79349,12163,22.73,26.69,1473.25,20.2,0.0,1729.96,,-12163,0.89
IOC,Mar 2018,421492,41658.0,22626,4331,3875,9479.0,65650,295860,44806,5.37,9.88,238.7,7.65,6.93,55.45,11.87,20844,1.42
IRCTC,Mar 2018,1466,274.0,221,99,3,40.0,0,2319,0,15.08,18.69,552.5,9.53,0.0,685.0,124.33,0,0.63
IRFC,Mar 2018,9267,9229.0,2055,1,6638,6526.0,134006,161468,14,22.18,99.59,31.49,1.27,20.53,6.57,1.39,133992,0.06
ITC,Mar 2018,43449,16521.0,11493,2240,115,1220.0,36,64241,22053,26.45,38.02,942.05,17.89,0.03,1315.37,163.14,-22017,0.68
JINDALSTEL,Mar 2018,33286,6469.0,-1616,-584,3866,97.0,42962,89230,146,-4.85,19.43,-1665.98,-1.81,442.91,15.02,1.52,42816,0.37
JSWENERGY,Mar 2018,8049,2713.0,85,47,1456,1640.0,11883,26721,2415,1.06,33.71,5.18,0.32,7.25,20.06,1.9,9468,0.3
JSWSTEEL,Mar 2018,71933,14916.0,6113,-177,3701,302.0,39393,91970,1469,8.5,20.74,2024.17,6.65,130.44,37.58,3.98,37924,0.78
KOTAKBANK,Mar 2018,25131,16805.0,6258,-16,13682,953.0,249840,337720,90977,24.9,66.87,656.66,1.85,262.16,6.7,1.23,158863,0.07
LODHA,Mar 2018,9677,1682.0,794,285,390,396.0,22616,40251,1384,8.21,17.38,200.51,1.97,57.11,7.31,5.04,21232,0.24
LT,Mar 2018,119683,20111.0,8004,1465,7714,17.0,0,5337,1264,6.69,16.8,47082.35,149.97,0.0,118300.0,2.8,-1264,22.43
LTIM,Mar 2018,7306,1187.0,1112,426,16,17.0,0,5337,1264,15.22,16.25,6541.18,20.84,0.0,6982.35,100.81,-1264,1.37
M&M,Mar 2018,92094,13226.0,7958,4366,3987,543.0,55898,136369,16018,8.64,14.36,1465.56,5.84,102.94,23.43,4.41,39880,0.68
MARUTI,Mar 2018,79809,12118.0,7881,2155,346,151.0,121,60248,36123,9.87,15.18,5219.21,13.08,0.8,4455.15,41.25,-36002,1.32
MOTHERSON,Mar 2018,56303,5128.0,2260,125,411,210.0,10374,36974,792,4.01,9.11,1076.19,6.11,49.4,48.45,12.78,9582,1.52
NAUKRI,Mar 2018,988,219.0,501,401,5,122.0,1,2596,1565,50.71,22.17,410.66,19.3,0.01,178.05,124.0,-1564,0.38
NHPC,Mar 2018,7755,4248.0,2785,1185,924,10259.0,18602,62933,1125,35.91,54.78,27.15,4.43,1.81,14.72,5.88,17477,0.12
NTPC,Mar 2018,88083,22485.0,10502,5576,4447,8245.0,130049,282492,8876,11.92,25.53,127.37,3.72,15.77,16.26,6.31,121173,0.31
ONGC,Mar 2018,322706,56889.0,26068,10429,4999,6417.0,106550,459232,67335,8.08,17.63,406.23,5.68,16.6,50.36,13.47,39215,0.7
PFC,Mar 2018,48624,11752.0,8797,42,30289,2640.0,441151,522531,5493,18.09,24.17,333.22,1.68,167.1,2.65,0.39,435658,0.09
PIDILITIND,Mar 2018,6078,1341.0,966,153,16,51.0,125,5199,1246,15.89,22.06,1894.12,18.58,2.45,761.93,93.38,-1121,1.17
PNB,Mar 2018,48725,,-12111,8883,33530,167.0,53777,63018,2413,-24.86,,-7252.1,-19.22,322.02,,,51364,0.77
PNB,Mar 2018,48725,,-12111,8883,33530,167.0,53777,63018,2413,-24.86,,-7252.1,-19.22,322.02,,,51364,0.77
PNB,Mar 2018,48725,,-12111,8883,33530,167.0,53777,63018,2413,-24.86,,-7252.1,-19.22,322.02,,,51364,0.77
PNB,Mar 2018,48725,,-12111,8883,33530,167.0,53777,63018,2413,-24.86,,-7252.1,-19.22,322.02,,,51364,0.77
PNB,Mar 2018,48725,,-12111,8883,33530,167.0,53777,63018,2413,-24.86,,-7252.1,-19.22,322.02,,,51364,0.77
POWERGRID,Mar 2018,29954,25961.0,8204,4065,7324,5232.0,131503,225354,1224,27.39,86.67,156.8,3.64,25.13,18.99,4.1,130279,0.13
POWERGRID,Mar 2018,29954,25961.0,8204,4065,7324,5232.0,131503,225354,1224,27.39,86.67,156.8,3.64,25.13,18.99,4.1,130279,0.13
RECLTD,Mar 2018,22658,19279.0,4451,18,13333,1975.0,204367,242370,2948,19.64,85.09,225.37,1.84,103.48,9.34,1.45,201419,0.09
RELIANCE,Mar 2018,390823,64315.0,36080,9869,8052,5922.0,239843,811273,82862,9.23,16.46,609.25,4.45,40.5,26.17,9.21,156981,0.48
SBILIFE,Mar 2018,34068,1332.0,1150,156,6,1000.0,0,121720,114436,3.38,3.91,115.0,0.94,0.0,133.2,248.0,-114436,0.28
SHREECEM,Mar 2018,9833,2473.0,1384,389,135,35.0,3403,15142,5434,14.08,25.15,3954.29,9.14,97.23,71.93,21.2,-2031,0.65
SHRIRAMFIN,Mar 2018,13502,3805.0,2549,127,6409,227.0,82131,97360,2456,18.88,28.18,1122.91,2.62,361.81,4.62,0.61,79675,0.14
SUNPHARMA,Mar 2018,26489,5631.0,2542,-135,518,240.0,10385,64297,7143,9.6,21.26,1059.17,3.95,43.27,53.0,10.61,3242,0.41
TATACONSUM,Mar 2018,6815,839.0,556,73,52,63.0,1068,10461,1161,8.16,12.31,882.54,5.31,16.95,74.18,17.54,-93,0.65
TATAMOTORS,Mar 2018,291550,31458.0,9091,5933,4682,679.0,88950,327192,20813,3.12,10.79,1338.88,2.78,131.0,35.1,7.99,68137,0.89
TATAPOWER,Mar 2018,26840,2295.0,2611,6586,3761,270.0,48589,81892,12429,9.73,8.55,967.04,3.19,179.96,4.7,2.36,36160,0.33
TATASTEEL,Mar 2018,123249,21433.0,17743,10898,5455,1145.0,92147,208722,17899,14.4,17.39,1549.61,8.5,80.48,22.97,5.93,74248,0.59
TCS,Mar 2018,123104,32516.0,25880,3642,52,191.0,247,105126,36008,21.02,26.41,13549.74,24.62,1.29,7423.74,695.35,-35761,1.17
TECHM,Mar 2018,30773,4710.0,3786,1417,162,442.0,2397,30431,4841,12.3,15.31,856.56,12.44,5.42,165.9,37.82,-2444,1.01
TECHM,Mar 2018,30773,4710.0,3786,1417,162,442.0,2397,30431,4841,12.3,15.31,856.56,12.44,5.42,165.9,37.82,-2444,1.01
TITAN,Mar 2018,16120,1644.0,1102,70,53,89.0,1691,9521,36,6.84,10.2,1238.2,11.57,19.0,92.36,32.34,1655,1.69
TORNTPHARM,Mar 2018,5950,1349.0,678,299,308,85.0,6462,14243,492,11.39,22.67,797.65,4.76,76.02,20.6,5.35,5970,0.42
TRENT,Mar 2018,2157,208.0,87,27,44,33.0,391,2336,1023,4.03,9.64,263.64,3.72,11.85,49.06,5.34,-632,0.92
TVSMOTOR,Mar 2018,16340,1571.0,665,71,338,48.0,6928,13190,421,4.07,9.61,1385.42,5.04,144.33,22.52,4.86,6507,1.24
ULTRACEMCO,Mar 2018,30979,6145.0,2224,242,1238,275.0,19480,57141,5447,7.18,19.84,808.73,3.89,70.84,31.11,5.16,14033,0.54
UNIONBANK,Mar 2018,32952,-11700.0,-5212,5462,23471,1169.0,455969,491120,125485,-15.82,-35.51,-445.85,-1.06,390.05,-2.56,-0.27,330484,0.07
ABB,Mar 2019,3679,605.0,450,113,2,21.0,0,2941,0,12.23,16.44,2142.86,15.3,0.0,2880.95,359.0,0,1.25
ADANIENSOL,Mar 2019,7305,2778.0,559,336,1391,1100.0,20137,32558,336,7.65,38.03,50.82,1.72,18.31,13.08,2.24,19801,0.22
ADANIENT,Mar 2019,40379,1969.0,506,504,1625,110.0,11243,42536,1511,1.25,4.88,460.0,1.19,102.21,17.34,1.52,9732,0.95
ADANIGREEN,Mar 2019,2058,1526.0,-475,73,1121,1564.0,11142,14658,77,-23.08,74.15,-30.37,-3.24,7.12,12.01,1.43,11065,0.14
ADANIPORTS,Mar 2019,10925,6596.0,4045,1289,1385,414.0,27712,56311,782,37.03,60.38,977.05,7.18,66.94,23.45,5.69,26930,0.19
ADANIPORTS,Mar 2019,10925,6596.0,4045,1289,1385,414.0,27712,56311,782,37.03,60.38,977.05,7.18,66.94,23.45,5.69,26930,0.19
ADANIPOWER,Mar 2019,23884,4983.0,-984,2448,5657,3857.0,46980,67985,3,-4.12,20.86,-25.51,-1.45,12.18,9.8,1.31,46977,0.35
APOLLOHOSP,Mar 2019,9617,1070.0,200,26,327,70.0,3673,9166,462,2.08,11.13,285.71,2.18,52.47,28.59,3.35,3211,1.05
ASIANPAINT,Mar 2019,19240,3765.0,2208,274,110,96.0,1320,16249,2569,11.48,19.57,2300.0,13.59,13.75,265.89,36.72,-1249,1.18
ASIANPAINT,Mar 2019,19240,3765.0,2208,274,110,96.0,1320,16249,2569,11.48,19.57,2300.0,13.59,13.75,265.89,36.72,-1249,1.18
ATGL,Mar 2019,1719,455.0,229,59,90,110.0,394,2048,176,13.32,26.47,208.18,11.18,3.58,90.28,5.71,218,0.84
AXISBANK,Mar 2019,54986,27155.0,4677,-10,13130,514.0,711996,814046,174056,8.51,49.39,909.92,0.57,1385.21,3.81,2.07,537940,0.07
BAJAJ-AUTO,Mar 2019,30358,5198.0,4928,2028,4,289.0,125,28834,20603,16.23,17.12,1705.19,17.09,0.43,1255.56,1806.5,-20478,1.05
BAJAJFINSV,Mar 2019,42605,15037.0,5374,2,6657,80.0,99754,208428,81679,12.61,35.29,6717.5,2.58,1246.92,15.06,2.26,18075,0.2
BAJAJHLDNG,Mar 2019,431,347.0,3048,2827,0,111.0,0,27008,26257,707.19,80.51,2745.95,11.29,0.0,312.61,,-26257,0.02
BAJFINANCE,Mar 2019,18487,5454.0,3995,34,13,115.0,101588,124233,8599,21.61,29.5,3473.91,3.22,883.37,5.36,422.15,92989,0.15
BANKBARODA,Mar 2019,52906,25815.0,1166,-10,7887,530.0,734456,819670,195716,2.2,48.79,220.0,0.14,1385.77,3.51,3.27,538740,0.06
BEL,Mar 2019,12164,2909.0,1887,73,16,11.0,47,126,0,15.51,23.91,17154.55,1497.62,4.27,5015.52,186.38,47,96.54
BHARTIARTL,Mar 2019,80780,25764.0,1688,4474,10622,1999.0,125428,274026,15711,2.09,31.89,84.44,0.62,62.75,20.22,2.85,109717,0.29
BHEL,Mar 2019,30441,2032.0,1002,662,378,696.0,2598,64490,152,3.29,6.68,143.97,1.55,3.73,61.69,7.13,2446,0.47
BOSCHLTD,Mar 2019,12085,2154.0,1598,600,13,30.0,0,12710,4054,13.22,17.82,5326.67,12.57,0.0,7180.0,211.85,-4054,0.95
BPCL,Mar 2019,298226,15112.0,8528,2975,1764,1967.0,44839,136926,24907,2.86,5.07,433.55,6.23,22.8,32.29,10.25,19932,2.18
BRITANNIA,Mar 2019,11055,1732.0,1155,206,9,24.0,156,6238,1476,10.45,15.67,4812.5,18.52,6.5,962.22,215.33,-1320,1.77
CANBK,Mar 2019,47951,27202.0,696,-24,9907,753.0,640166,711783,168678,1.45,56.73,92.43,0.1,850.15,4.24,2.74,471488,0.07
CHOLAFIN,Mar 2019,7108,1632.0,1197,27,1,156.0,50567,57490,42,16.84,22.96,767.31,2.08,324.15,3.22,1659.0,50525,0.12
CIPLA,Mar 2019,16362,13265.0,1492,19,477,161.0,4316,23762,2554,9.12,81.07,926.71,6.28,26.81,296.29,27.85,1762,0.69
COALINDIA,Mar 2019,99586,74579.0,17464,25,5834,6163.0,2210,133021,3170,17.54,74.89,283.37,13.13,0.36,890.71,12.79,-960,0.75
DABUR,Mar 2019,8515,1740.0,1446,222,60,177.0,699,8437,3359,16.98,20.43,816.95,17.14,3.95,198.63,32.7,-2660,1.01
DIVISLAB,Mar 2019,4946,1874.0,1353,154,5,53.0,106,8036,1946,27.36,37.89,2552.83,16.84,2.0,1178.62,405.6,-1840,0.62
DLF,Mar 2019,8366,2148.0,1314,784,2062,441.0,17222,66483,21005,15.71,25.68,297.96,1.98,39.05,12.16,1.42,-3783,0.13
DMART,Mar 2019,20005,1633.0,902,48,47,624.0,700,7006,17,4.51,8.16,144.55,12.87,1.12,123.34,35.77,683,2.86
DRREDDY,Mar 2019,15448,3178.0,1950,381,89,83.0,3838,22418,2587,12.62,20.57,2349.4,8.7,46.24,81.05,39.99,1251,0.69
EICHERMOT,Mar 2019,9797,2904.0,2203,701,7,27.0,187,11387,4923,22.49,29.64,8159.26,19.35,6.93,1357.01,515.0,-4736,0.86
GAIL,Mar 2019,76190,9938.0,6553,1719,159,2255.0,2224,68426,10722,8.6,13.04,290.6,9.58,0.99,221.88,73.31,-8498,1.11
GODREJCP,Mar 2019,10314,2132.0,2342,362,238,102.0,3382,14094,516,22.71,20.67,2296.08,16.62,33.16,61.19,10.48,2866,0.73
GRASIM,Mar 2019,77200,16640.0,2745,-1846,6060,132.0,84487,241127,62747,3.56,21.55,2079.55,1.14,640.05,19.66,2.44,21740,0.32
HAL,Mar 2019,20008,4569.0,2346,376,177,5.0,8,175,22,11.73,22.84,46920.0,1340.57,1.6,35146.15,27.94,-14,114.33
HAVELLS,Mar 2019,10073,1189.0,788,124,16,63.0,94,7148,0,7.82,11.8,1250.79,11.02,1.49,757.32,82.06,94,1.41
HCLTECH,Mar 2019,60427,13926.0,10120,943,174,271.0,4195,58349,2305,16.75,23.05,3734.32,17.34,15.48,311.82,85.45,1890,1.04
HDFCBANK,Mar 2019,105161,34856.0,22446,16,18947,545.0,1080235,1292806,289446,21.34,33.15,4118.53,1.74,1982.08,3.23,1.84,790789,0.08
HDFCLIFE,Mar 2019,38855,37640.0,1278,3,136,2017.0,0,130020,124958,3.29,96.87,63.36,0.98,0.0,1866.14,276.79,-124958,0.3
HEROMOTOCO,Mar 2019,33971,28946.0,3466,15,741,40.0,312,18504,6114,10.2,85.21,8665.0,18.73,7.8,8223.3,39.08,-5802,1.84
HINDALCO,Mar 2019,130542,115031.0,5495,12,1127,222.0,52415,151972,9012,4.21,88.12,2475.23,3.62,236.1,218.54,102.08,43403,0.86
HINDUNILVR,Mar 2019,39310,30430.0,6060,23,322,216.0,99,18629,2716,15.42,77.41,2805.56,32.53,0.46,9660.32,94.57,-2617,2.11
ICICIBANK,Mar 2019,71982,83775.0,5689,-71,59325,1289.0,891641,1238794,398201,7.9,116.38,441.35,0.46,691.73,9.38,1.41,493440,0.06
ICICIGI,Mar 2019,11163,9494.0,1049,15,-2,454.0,485,33403,20714,9.4,85.05,231.06,3.14,1.07,1011.08,-4754.5,-20229,0.33
ICICIPRULI,Mar 2019,41463,40922.0,1139,1,813,1436.0,0,163086,159003,2.75,98.7,79.32,0.7,0.0,2849.72,50.34,-159003,0.25
INDIGO,Mar 2019,28497,28648.0,156,-1,1325,29.0,88,373,20,0.55,100.53,537.93,41.82,3.03,24485.47,21.62,68,76.4
INDUSINDBK,Mar 2019,22261,9283.0,3301,-2,5647,603.0,242189,277819,59266,14.83,41.7,547.43,1.19,401.64,3.82,1.64,182923,0.08
INFY,Mar 2019,82675,20170.0,15410,2882,0,2170.0,0,84066,11261,18.64,24.4,710.14,18.33,0.0,929.49,,-11261,0.98
IOC,Mar 2019,528158,35262.0,17274,4097,4925,9181.0,96765,335363,44112,3.27,6.68,188.15,5.15,10.54,33.28,7.99,52653,1.57
IRCTC,Mar 2019,1870,383.0,309,126,2,160.0,0,2594,0,16.52,20.48,193.12,11.91,0.0,239.37,254.5,0,0.72
IRFC,Mar 2019,11134,11085.0,2255,0,8183,9380.0,173933,206604,13,20.25,99.56,24.04,1.09,18.54,6.05,1.35,173920,0.05
ITC,Mar 2019,48340,18537.0,12836,2080,71,1226.0,13,71739,25043,26.55,38.35,1046.98,17.89,0.01,1496.13,290.38,-25030,0.67
JINDALSTEL,Mar 2019,46966,8412.0,-2412,-1470,4264,97.0,39559,89001,150,-5.14,17.91,-2486.6,-2.71,407.82,21.21,1.63,39409,0.53
JSWENERGY,Mar 2019,9138,2855.0,684,398,1192,1641.0,10555,25926,2451,7.49,31.24,41.68,2.64,6.43,23.41,2.73,8104,0.35
JSWSTEEL,Mar 2019,84757,18930.0,7524,196,3917,301.0,47396,114797,1894,8.88,22.33,2499.67,6.55,157.46,39.69,4.88,45502,0.74
KOTAKBANK,Mar 2019,29831,19758.0,7204,-17,16148,954.0,291763,395171,103487,24.15,66.23,755.14,1.82,305.83,6.75,1.22,188276,0.08
LICI,Mar 2019,571508,5920.0,2627,2615,0,100.0,269401,3427249,2900287,0.46,1.04,2627.0,0.08,2694.01,2.2,,-2630886,0.17
LODHA,Mar 2019,11907,3179.0,1644,72,568,396.0,25641,49864,1405,13.81,26.7,415.15,3.3,64.75,12.21,5.72,24236,0.24
LT,Mar 2019,135220,22866.0,10217,2701,9339,17.0,0,6664,1740,7.56,16.91,60100.0,153.32,0.0,134505.88,2.74,-1740,20.29
LTIM,Mar 2019,9446,1883.0,1516,302,11,17.0,0,6664,1740,16.05,19.93,8917.65,22.75,0.0,11076.47,198.64,-1740,1.42
M&M,Mar 2019,104721,15207.0,6017,2676,5021,544.0,70848,161889,18268,5.75,14.52,1106.07,3.72,130.24,21.3,3.56,52580,0.65
MARUTI,Mar 2019,86068,11056.0,7651,2664,76,151.0,160,63969,37504,8.89,12.85,5066.89,11.96,1.06,3554.98,180.53,-37344,1.35
MOTHERSON,Mar 2019,63523,5348.0,2098,333,423,316.0,11534,42754,855,3.3,8.42,663.92,4.91,36.5,45.13,13.43,10679,1.49
NAUKRI,Mar 2019,1151,9.0,592,737,7,122.0,1,3189,1204,51.43,0.78,485.25,18.56,0.01,7.32,106.57,-1203,0.36
NHPC,Mar 2019,8983,4981.0,2836,1733,896,10045.0,19066,66734,1283,31.57,55.45,28.23,4.25,1.9,17.11,7.49,17783,0.13
NTPC,Mar 2019,100287,22710.0,14034,2818,5605,9895.0,173058,346923,8132,13.99,22.65,141.83,4.05,17.49,12.41,4.55,164926,0.29
ONGC,Mar 2019,421624,74819.0,33938,9567,5837,6290.0,107742,492343,66909,8.05,17.75,539.55,6.89,17.13,65.61,14.46,40833,0.86
PFC,Mar 2019,54106,17783.0,12640,94,34627,2640.0,539488,628869,4604,23.36,32.87,478.79,2.01,204.35,3.28,0.52,534884,0.09
PIDILITIND,Mar 2019,7078,1371.0,928,130,26,51.0,113,5904,1548,13.11,19.37,1819.61,15.72,2.22,835.98,57.73,-1435,1.2
PNB,Mar 2019,52147,,-9550,7367,34656,167.0,71859,83750,4457,-18.31,,-5718.56,-11.4,430.29,,,67402,0.62
PNB,Mar 2019,52147,,-9550,7367,34656,167.0,71859,83750,4457,-18.31,,-5718.56,-11.4,430.29,,,67402,0.62
PNB,Mar 2019,52147,,-9550,7367,34656,167.0,71859,83750,4457,-18.31,,-5718.56,-11.4,430.29,,,67402,0.62
PNB,Mar 2019,52147,,-9550,7367,34656,167.0,71859,83750,4457,-18.31,,-5718.56,-11.4,430.29,,,67402,0.62
PNB,Mar 2019,52147,,-9550,7367,34656,167.0,71859,83750,4457,-18.31,,-5718.56,-11.4,430.29,,,67402,0.62
POWERGRID,Mar 2019,35059,26920.0,10034,1505,8737,5232.0,146376,247380,1296,28.62,76.78,191.78,4.06,27.98,17.76,3.25,145080,0.14
POWERGRID,Mar 2019,35059,26920.0,10034,1505,8737,5232.0,146376,247380,1296,28.62,76.78,191.78,4.06,27.98,17.76,3.25,145080,0.14
RECLTD,Mar 2019,25408,23705.0,5741,33,15639,1975.0,244249,298454,2463,22.6,93.3,290.68,1.92,123.67,9.63,1.52,241786,0.09
RELIANCE,Mar 2019,568337,84250.0,39837,8406,16495,5926.0,307714,997630,235635,7.01,14.82,672.24,3.99,51.93,26.86,5.62,72079,0.57
SBILIFE,Mar 2019,44604,1474.0,1327,266,8,1000.0,0,146734,139325,2.98,3.3,132.7,0.9,0.0,147.4,217.5,-139325,0.3
SHREECEM,Mar 2019,12555,2797.0,1015,69,248,35.0,2803,15493,2286,8.08,22.28,2900.0,6.55,80.09,98.56,11.56,517,0.81
SHRIRAMFIN,Mar 2019,15536,3801.0,2576,20,7564,227.0,87914,105419,4126,16.58,24.47,1134.8,2.44,387.29,4.31,0.51,83788,0.15
SUNPHARMA,Mar 2019,29066,6377.0,3208,-258,555,240.0,10514,64590,7903,11.04,21.94,1336.67,4.97,43.81,59.3,11.03,2611,0.45
TATACONSUM,Mar 2019,7252,786.0,457,124,78,63.0,1141,10881,1188,6.3,10.84,725.4,4.2,18.11,65.28,11.67,-47,0.67
TATAMOTORS,Mar 2019,301938,24664.0,-28724,-26686,5759,679.0,106175,305703,15771,-9.51,8.17,-4230.34,-9.4,156.37,23.08,-0.35,90404,0.99
TATAPOWER,Mar 2019,29881,3070.0,2606,7186,4170,270.0,48506,84073,13542,8.72,10.27,965.19,3.1,179.65,6.29,2.46,34964,0.36
TATASTEEL,Mar 2019,157669,29318.0,9122,1524,7660,1145.0,100816,232773,5738,5.79,18.59,796.68,3.92,88.05,28.75,4.03,95078,0.68
TCS,Mar 2019,146463,39506.0,31562,4311,198,375.0,62,113901,29330,21.55,26.97,8416.53,27.71,0.17,9040.27,221.3,-29268,1.29
TECHM,Mar 2019,34742,6271.0,4289,534,133,444.0,1996,33446,7342,12.35,18.05,965.99,12.82,4.5,257.01,51.17,-5346,1.04
TECHM,Mar 2019,34742,6271.0,4289,534,133,444.0,1996,33446,7342,12.35,18.05,965.99,12.82,4.5,257.01,51.17,-5346,1.04
TITAN,Mar 2019,19779,1994.0,1389,178,53,89.0,2393,11710,108,7.02,10.08,1560.67,11.86,26.89,80.34,40.98,2285,1.69
TORNTPHARM,Mar 2019,7673,1983.0,436,-300,504,85.0,6038,14113,353,5.68,25.84,512.94,3.09,71.04,32.39,3.34,5685,0.54
TRENT,Mar 2019,2630,241.0,95,30,51,33.0,494,2559,883,3.61,9.16,287.88,3.71,14.97,45.73,5.31,-389,1.03
TVSMOTOR,Mar 2019,20160,2163.0,725,25,663,48.0,9298,16696,440,3.6,10.73,1510.42,4.34,193.71,23.14,3.3,8858,1.21
ULTRACEMCO,Mar 2019,41462,7347.0,2400,350,1778,275.0,25337,76525,2921,5.79,17.72,872.73,3.14,92.13,28.69,4.33,22416,0.54
UNIONBANK,Mar 2019,34314,-8601.0,-2922,5042,23896,1763.0,460780,498581,128391,-8.52,-25.07,-165.74,-0.59,261.36,-1.86,-0.15,332389,0.07
ABB,Mar 2020,4093,757.0,593,114,9,21.0,175,3547,0,14.49,18.49,2823.81,16.72,8.33,386.22,96.78,175,1.15
ADANIENSOL,Mar 2020,11416,4258.0,706,261,2238,1100.0,24246,39711,313,6.18,37.3,64.18,1.78,22.04,16.8,2.02,23933,0.29
ADANIENT,Mar 2020,43403,2294.0,1040,872,1572,110.0,12419,46875,1952,2.4,5.29,945.45,2.22,112.9,18.31,2.01,10467,0.93
ADANIGREEN,Mar 2020,2549,1450.0,-68,-111,995,1564.0,14866,18424,476,-2.67,56.89,-4.35,-0.37,9.51,8.83,1.35,14390,0.14
ADANIPORTS,Mar 2020,11873,5947.0,3785,1928,1951,406.0,30242,61917,1178,31.88,50.09,932.27,6.11,74.49,19.4,4.04,29064,0.19
ADANIPORTS,Mar 2020,11873,5947.0,3785,1928,1951,406.0,30242,61917,1178,31.88,50.09,932.27,6.11,74.49,19.4,4.04,29064,0.19
ADANIPOWER,Mar 2020,26468,5734.0,-2275,323,5315,3857.0,55199,75025,3,-8.6,21.66,-58.98,-3.03,14.31,9.71,1.14,55196,0.35
APOLLOHOSP,Mar 2020,11247,1591.0,432,222,533,70.0,3596,11289,434,3.84,14.15,617.14,3.83,51.37,43.4,3.4,3162,1.0
ASIANPAINT,Mar 2020,20211,4157.0,2774,355,102,96.0,1118,16138,2019,13.73,20.57,2889.58,17.19,11.65,342.42,44.24,-901,1.25
ASIANPAINT,Mar 2020,20211,4157.0,2774,355,102,96.0,1118,16138,2019,13.73,20.57,2889.58,17.19,11.65,342.42,44.24,-901,1.25
ATGL,Mar 2020,1875,595.0,436,44,41,110.0,428,2476,282,23.25,31.73,396.36,17.61,3.89,110.59,15.59,146,0.76
AXISBANK,Mar 2020,62635,35066.0,1627,-16,15537,564.0,797337,927872,155282,2.6,55.98,288.48,0.18,1413.72,4.39,2.26,642055,0.07
BAJAJ-AUTO,Mar 2020,29919,5109.0,5212,1832,3,289.0,126,26510,19914,17.42,17.08,1803.46,19.66,0.44,1231.08,2313.67,-19788,1.13
BAJAJFINSV,Mar 2020,54351,18258.0,5994,0,9500,80.0,127212,251304,91821,11.03,33.59,7492.5,2.39,1590.15,14.34,1.92,35391,0.22
BAJAJHLDNG,Mar 2020,435,301.0,3080,3058,13,111.0,168,32729,32068,708.05,69.2,2774.77,9.41,1.51,107.89,258.38,-31900,0.01
BAJFINANCE,Mar 2020,26374,9159.0,5264,29,9,120.0,129806,164391,17544,19.96,34.73,4386.67,3.2,1081.72,7.05,1020.89,112262,0.16
BANKBARODA,Mar 2020,78895,40583.0,981,-15,12191,925.0,1068981,1199935,289727,1.24,51.44,106.05,0.08,1155.66,3.79,3.33,779254,0.07
BEL,Mar 2020,12968,2759.0,1825,99,8,11.0,44,122,0,14.07,21.28,16590.91,1495.9,4.0,5016.36,357.25,44,106.3
BHARTIARTL,Mar 2020,87539,36610.0,-30664,-37775,13992,2728.0,148228,359091,25476,-35.03,41.82,-1124.05,-8.54,54.34,24.25,-0.08,122752,0.24
BHEL,Mar 2020,21463,-133.0,-1468,590,613,696.0,5080,60291,162,-6.84,-0.62,-210.92,-2.43,7.3,-2.3,0.75,4918,0.36
BOSCHLTD,Mar 2020,9842,1483.0,650,-105,10,30.0,74,13320,4042,6.6,15.07,2166.67,4.88,2.47,1425.96,137.8,-3968,0.74
BPCL,Mar 2020,284572,8975.0,3666,1393,2637,1967.0,65476,150860,27029,1.29,3.15,186.38,2.43,33.29,13.31,3.93,38447,1.89
BRITANNIA,Mar 2020,11600,1843.0,1394,263,77,24.0,1538,7830,2893,12.02,15.89,5808.33,17.8,64.08,117.99,27.35,-1355,1.48
CANBK,Mar 2020,49759,26809.0,-1921,-26,11799,1030.0,668170,741440,192645,-3.86,53.88,-186.5,-0.26,648.71,4.01,2.27,475525,0.07
CHOLAFIN,Mar 2020,8712,2421.0,1054,20,0,164.0,55005,64058,33,12.1,27.79,642.68,1.65,335.4,4.39,,54972,0.14
CIPLA,Mar 2020,17132,13926.0,1500,19,344,161.0,2816,23423,1471,8.76,81.29,931.68,6.4,17.49,467.79,40.54,1345,0.73
COALINDIA,Mar 2020,96080,74500.0,16700,22,6444,6163.0,6434,150020,1973,17.38,77.54,270.97,11.13,1.04,591.41,11.56,4461,0.64
DABUR,Mar 2020,8685,1792.0,1448,205,50,177.0,522,9337,2800,16.67,20.63,818.08,15.51,2.95,256.37,39.94,-2278,0.93
DIVISLAB,Mar 2020,5394,1826.0,1377,186,7,53.0,39,8531,971,25.53,33.85,2598.11,16.14,0.74,1984.78,287.43,-932,0.63
DLF,Mar 2020,6083,1146.0,-590,1135,1427,495.0,8103,55890,18566,-9.7,18.84,-119.19,-1.06,16.37,13.33,1.6,-10463,0.11
DMART,Mar 2020,24870,2128.0,1301,60,69,648.0,333,12076,15,5.23,8.56,200.77,10.77,0.51,216.92,31.71,318,2.06
DRREDDY,Mar 2020,17517,2477.0,2026,670,98,83.0,2210,23223,2678,11.57,14.14,2440.96,8.72,26.63,108.02,32.11,-468,0.75
EICHERMOT,Mar 2020,9154,2183.0,1827,572,19,27.0,249,12450,5749,19.96,23.85,6766.67,14.67,9.22,790.94,145.0,-5500,0.74
GAIL,Mar 2020,72518,9022.0,9515,3796,309,4510.0,6912,74934,9893,13.12,12.44,210.98,12.7,1.53,78.99,41.48,-2981,0.97
GODREJCP,Mar 2020,9911,2154.0,1497,32,228,102.0,3575,14880,672,15.1,21.73,1467.65,10.06,35.05,58.58,9.59,2903,0.67
GRASIM,Mar 2020,68252,10373.0,6639,7076,6890,132.0,84777,244181,66337,9.73,15.2,5029.55,2.72,642.25,12.22,2.53,18440,0.28
HAL,Mar 2020,21445,4880.0,2842,415,359,5.0,2,173,18,13.25,22.76,56840.0,1642.77,0.4,69714.29,14.75,-16,123.96
HAVELLS,Mar 2020,9440,1067.0,735,107,51,63.0,72,7073,0,7.79,11.3,1166.67,10.39,1.14,790.37,23.02,72,1.33
HCLTECH,Mar 2020,70676,17316.0,11057,589,505,543.0,7986,82819,7066,15.64,24.5,2036.28,13.35,14.71,203.02,35.46,920,0.85
HDFCBANK,Mar 2020,122189,45459.0,27296,12,24879,548.0,1333041,1580830,389305,22.34,37.2,4981.02,1.73,2432.56,3.41,1.83,943736,0.08
HDFCLIFE,Mar 2020,29380,28239.0,1297,4,369,2019.0,0,132224,127256,4.41,96.12,64.24,0.98,0.0,1398.66,76.54,-127256,0.22
HEROMOTOCO,Mar 2020,29254,25184.0,3659,14,1434,40.0,453,19674,8359,12.51,86.09,9147.5,18.6,11.32,5108.32,17.57,-7906,1.49
HINDALCO,Mar 2020,118144,103838.0,3767,12,906,222.0,68399,168618,9411,3.19,87.89,1696.85,2.23,308.1,151.32,114.62,58988,0.7
HINDUNILVR,Mar 2020,39783,29922.0,6756,25,424,216.0,0,20153,1255,16.98,75.21,3127.78,33.52,0.0,13852.78,70.63,-1255,1.97
ICICIBANK,Mar 2020,84836,85361.0,11225,-53,64950,1295.0,1014636,1377292,443473,13.23,100.62,866.8,0.82,783.5,8.4,1.31,571163,0.06
ICICIGI,Mar 2020,11517,9745.0,1194,15,15,454.0,485,37042,26327,10.37,84.61,263.0,3.22,1.07,1037.81,650.67,-25842,0.31
ICICIPRULI,Mar 2020,21025,21344.0,1067,-2,1578,1436.0,0,156031,150776,5.07,101.52,74.3,0.68,0.0,1486.35,13.52,-150776,0.13
INDIGO,Mar 2020,35756,31687.0,-248,11,1531,29.0,75,422,21,-0.69,88.62,-855.17,-58.77,2.59,30468.27,20.7,54,84.73
INDUSINDBK,Mar 2020,28783,12611.0,4418,-2,6951,694.0,262793,307058,59980,15.35,43.81,636.6,1.44,378.66,4.79,1.81,202813,0.09
INFY,Mar 2020,90791,22267.0,16639,2803,170,2122.0,4633,91800,8792,18.33,24.53,784.12,18.13,2.18,329.64,147.47,-4159,0.99
IOC,Mar 2020,483763,16053.0,-1876,-7165,5792,9181.0,129790,329962,35571,-0.39,3.32,-20.43,-0.57,14.14,11.55,1.53,94219,1.47
IRCTC,Mar 2020,2264,703.0,513,77,10,160.0,0,3241,0,22.66,31.05,320.62,15.83,0.0,439.38,78.0,0,0.7
IRFC,Mar 2020,13421,13355.0,3192,0,10163,11880.0,234377,275504,12,23.78,99.51,26.87,1.16,19.73,5.42,1.31,234365,0.05
ITC,Mar 2020,49388,19344.0,15593,2417,81,1229.0,277,77311,28663,31.57,39.17,1268.76,20.17,0.23,1284.46,268.65,-28386,0.64
JINDALSTEL,Mar 2020,37923,6831.0,-400,74,3768,102.0,36824,89742,181,-1.05,18.01,-392.16,-0.45,361.02,18.5,1.83,36643,0.42
JSWENERGY,Mar 2020,8273,2957.0,1081,376,1051,1642.0,9840,24931,1854,13.07,35.74,65.83,4.34,5.99,25.75,3.17,7986,0.33
JSWSTEEL,Mar 2020,73326,11813.0,3919,-289,4265,301.0,61423,131820,1259,5.34,16.11,1301.99,2.97,204.06,19.14,2.7,60164,0.56
KOTAKBANK,Mar 2020,33474,22578.0,8593,-15,16892,957.0,326477,443173,111197,25.67,67.45,897.91,1.94,341.15,6.9,1.34,215280,0.08
LICI,Mar 2020,628043,-6947.0,2710,20870,0,100.0,253414,3499834,2976100,0.43,-1.11,2710.0,0.08,2534.14,-2.74,,-2722686,0.18
LODHA,Mar 2020,12443,1917.0,742,119,740,396.0,18423,40693,1553,5.96,15.41,187.37,1.82,46.52,10.19,2.75,16870,0.31
LT,Mar 2020,145452,24553.0,10894,3015,11021,17.0,912,8815,2219,7.49,16.88,64082.35,123.58,53.65,2642.95,2.5,-1307,16.5
LTIM,Mar 2020,10879,2029.0,1520,329,83,17.0,912,8815,2219,13.97,18.65,8941.18,17.24,53.65,218.41,28.41,-1307,1.23
M&M,Mar 2020,75382,10158.0,-321,885,6021,554.0,82092,165716,19210,-0.43,13.48,-57.94,-0.19,148.18,12.29,1.83,62882,0.45
MARUTI,Mar 2020,75660,7355.0,5678,3410,134,151.0,184,63628,37488,7.5,9.72,3760.26,8.92,1.22,2195.52,80.34,-37304,1.19
MOTHERSON,Mar 2020,60729,4654.0,1294,642,593,316.0,13136,45033,796,2.13,7.66,409.49,2.87,41.57,34.6,8.93,12340,1.35
NAUKRI,Mar 2020,1312,-350.0,-246,286,14,122.0,77,2893,1133,-18.75,-26.68,-201.64,-8.5,0.63,-175.88,-4.57,-1056,0.45
NHPC,Mar 2020,10008,5446.0,3345,311,877,10045.0,23226,71277,1398,33.42,54.42,33.3,4.69,2.31,16.37,6.56,21828,0.14
NTPC,Mar 2020,109464,31586.0,11902,8209,8189,9895.0,202984,377569,9307,10.87,28.86,120.28,3.15,20.51,14.84,4.86,193677,0.29
ONGC,Mar 2020,396728,52105.0,11456,982,7489,6290.0,129473,508364,56755,2.89,13.13,182.13,2.25,20.58,38.38,7.09,72718,0.78
PFC,Mar 2020,62189,14012.0,9477,105,40845,2640.0,596561,694521,4404,15.24,22.53,358.98,1.36,225.97,2.34,0.35,592157,0.09
PIDILITIND,Mar 2020,7294,1576.0,1122,97,34,51.0,288,6523,1186,15.38,21.61,2200.0,17.2,5.65,464.9,49.21,-898,1.12
PNB,Mar 2020,54918,,485,9388,36997,168.0,67736,78874,2048,0.88,,288.69,0.61,403.19,,,65688,0.7
PNB,Mar 2020,54918,,485,9388,36997,168.0,67736,78874,2048,0.88,,288.69,0.61,403.19,,,65688,0.7
PNB,Mar 2020,54918,,485,9388,36997,168.0,67736,78874,2048,0.88,,288.69,0.61,403.19,,,65688,0.7
PNB,Mar 2020,54918,,485,9388,36997,168.0,67736,78874,2048,0.88,,288.69,0.61,403.19,,,65688,0.7
PNB,Mar 2020,54918,,485,9388,36997,168.0,67736,78874,2048,0.88,,288.69,0.61,403.19,,,65688,0.7
POWERGRID,Mar 2020,37744,32886.0,11059,2820,9509,5232.0,148270,256671,1431,29.3,87.13,211.37,4.31,28.34,21.42,3.75,146839,0.15
POWERGRID,Mar 2020,37744,32886.0,11059,2820,9509,5232.0,148270,256671,1431,29.3,87.13,211.37,4.31,28.34,21.42,3.75,146839,0.15
RECLTD,Mar 2020,29942,25961.0,4972,72,18991,1975.0,286289,347030,2386,16.61,86.7,251.75,1.43,144.96,9.01,1.37,283903,0.09
RELIANCE,Mar 2020,596679,89266.0,39880,8570,22027,6339.0,355133,1163015,276767,6.68,14.96,629.12,3.43,56.02,24.7,4.44,78366,0.51
SBILIFE,Mar 2020,43798,1351.0,1422,529,0,1000.0,0,165580,158813,3.25,3.08,142.2,0.86,0.0,135.1,,-158813,0.26
SHREECEM,Mar 2020,12868,3771.0,1544,263,291,36.0,3146,19944,6358,12.0,29.31,4288.89,7.74,87.39,118.51,13.86,-3212,0.65
SHRIRAMFIN,Mar 2020,16561,3565.0,2512,14,8313,227.0,94735,114266,2936,15.17,21.53,1106.61,2.2,417.33,3.75,0.43,91799,0.14
SUNPHARMA,Mar 2020,32838,6983.0,4172,382,303,240.0,8315,68194,10143,12.7,21.26,1738.33,6.12,34.65,81.62,24.31,-1828,0.48
TATACONSUM,Mar 2020,9637,1292.0,460,-163,69,92.0,1586,18473,1323,4.77,13.41,500.0,2.49,17.24,77.0,16.36,263,0.52
TATAMOTORS,Mar 2020,261068,17987.0,-11975,102,7243,720.0,124788,320179,16308,-4.59,6.89,-1663.19,-3.74,173.32,14.33,2.5,108480,0.82
TATAPOWER,Mar 2020,29136,6805.0,1316,2280,4494,270.0,51936,89674,14535,4.52,23.36,487.41,1.47,192.36,13.03,2.02,37401,0.32
TATASTEEL,Mar 2020,139817,17463.0,1174,-2884,7533,1145.0,116328,249149,6285,0.84,12.49,102.53,0.47,101.6,14.87,1.94,110043,0.56
TCS,Mar 2020,156949,42109.0,32447,4592,924,375.0,8174,120127,26356,20.67,26.83,8652.53,27.01,21.8,492.56,50.54,-18182,1.31
TECHM,Mar 2020,36868,5503.0,3897,1192,192,436.0,3670,37318,5848,10.57,14.93,893.81,10.44,8.42,134.02,34.87,-2178,0.99
TECHM,Mar 2020,36868,5503.0,3897,1192,192,436.0,3670,37318,5848,10.57,14.93,893.81,10.44,8.42,134.02,34.87,-2178,0.99
TITAN,Mar 2020,21052,2463.0,1493,153,166,89.0,3562,13544,158,7.09,11.7,1677.53,11.02,40.02,67.46,15.76,3404,1.55
TORNTPHARM,Mar 2020,7939,2170.0,1025,121,451,85.0,5784,14010,2,12.91,27.33,1205.88,7.32,68.05,36.97,5.08,5782,0.57
TRENT,Mar 2020,3486,529.0,106,147,263,36.0,300,5507,1515,3.04,15.17,294.44,1.92,8.33,157.44,2.57,-1215,0.63
TVSMOTOR,Mar 2020,18849,2264.0,647,12,855,48.0,11591,19272,371,3.43,12.01,1347.92,3.36,241.48,19.45,2.66,11220,0.98
ULTRACEMCO,Mar 2020,42430,9246.0,5751,651,1992,289.0,23019,79214,5929,13.55,21.79,1989.97,7.26,79.65,39.67,4.97,17090,0.54
UNIONBANK,Mar 2020,37479,-9523.0,-3121,5789,25837,3423.0,505150,555509,154251,-8.33,-25.41,-91.18,-0.56,147.58,-1.87,-0.14,350899,0.07
ABB,Mar 2021,4310,922.0,691,81,18,21.0,153,3840,0,16.03,21.39,3290.48,17.99,7.29,529.89,55.72,153,1.12
ADANIENSOL,Mar 2021,9926,3950.0,1290,1115,2117,1100.0,27095,43234,442,13.0,39.79,117.27,2.98,24.63,14.01,2.39,26653,0.23
ADANIENT,Mar 2021,39537,2506.0,1046,494,1377,110.0,16227,51617,5503,2.65,6.34,950.91,2.03,147.52,15.34,2.18,10724,0.77
ADANIGREEN,Mar 2021,3124,2241.0,182,391,1953,1564.0,24209,28692,502,5.83,71.73,11.64,0.63,15.48,8.7,1.35,23707,0.11
ADANIPORTS,Mar 2021,12550,8688.0,5049,1967,2255,406.0,35855,74582,2236,40.23,69.23,1243.6,6.77,88.31,23.96,4.73,33619,0.17
ADANIPORTS,Mar 2021,12550,8688.0,5049,1967,2255,406.0,35855,74582,2236,40.23,69.23,1243.6,6.77,88.31,23.96,4.73,33619,0.17
ADANIPOWER,Mar 2021,26221,8688.0,1270,1909,5106,3857.0,52519,78806,20,4.84,33.13,32.93,1.61,13.62,15.41,2.08,52499,0.33
APOLLOHOSP,Mar 2021,10560,1140.0,137,103,449,72.0,4160,11392,1343,1.3,10.8,190.28,1.2,57.78,26.94,2.77,2817,0.93
ASIANPAINT,Mar 2021,21713,4856.0,3207,332,92,96.0,1093,20355,4737,14.77,22.36,3340.62,15.76,11.39,408.41,56.39,-3644,1.07
ASIANPAINT,Mar 2021,21713,4856.0,3207,332,92,96.0,1093,20355,4737,14.77,22.36,3340.62,15.76,11.39,408.41,56.39,-3644,1.07
ATGL,Mar 2021,1696,704.0,463,30,40,110.0,529,3204,417,27.3,41.51,420.91,14.45,4.81,110.17,18.35,112,0.53
AXISBANK,Mar 2021,63346,31749.0,6588,-4,12264,613.0,850551,1001005,225336,10.4,50.12,1074.71,0.66,1387.52,3.73,2.59,625215,0.06
BAJAJ-AUTO,Mar 2021,27741,4938.0,4857,1570,7,289.0,121,33602,24687,17.51,17.8,1680.62,14.45,0.42,1204.39,929.71,-24566,0.83
BAJAJFINSV,Mar 2021,60592,19641.0,7367,-7,9274,80.0,128461,279845,113654,12.16,32.42,9208.75,2.63,1605.76,15.28,2.12,14807,0.22
BAJAJHLDNG,Mar 2021,457,352.0,3654,3451,4,111.0,136,45490,44914,799.56,77.02,3291.89,8.03,1.23,142.51,950.75,-44778,0.01
BAJFINANCE,Mar 2021,26673,10839.0,4420,24,3,120.0,131634,171470,18397,16.57,40.64,3683.33,2.58,1096.95,8.23,3621.0,113237,0.16
BANKBARODA,Mar 2021,74314,38070.0,1620,-9,14687,1036.0,1067173,1202667,281859,2.18,51.23,156.37,0.13,1030.09,3.56,2.59,785314,0.06
BEL,Mar 2021,14109,3214.0,2100,125,10,11.0,49,152,0,14.88,22.78,19090.91,1381.58,4.45,5356.67,333.9,49,92.82
BHARTIARTL,Mar 2021,100616,45279.0,-12364,-4215,15091,2746.0,162785,344417,27550,-12.29,45.0,-450.25,-3.59,59.28,27.35,2.72,135235,0.29
BHEL,Mar 2021,17309,-3049.0,-2700,393,467,696.0,4951,55960,185,-15.6,-17.62,-387.93,-4.82,7.11,-53.99,-5.69,4766,0.31
BOSCHLTD,Mar 2021,9718,1163.0,482,-241,14,30.0,54,14774,5157,4.96,11.97,1606.67,3.26,1.8,1384.52,65.86,-5103,0.66
BPCL,Mar 2021,230171,21001.0,17320,7489,1723,2093.0,54532,160978,26768,7.52,9.12,827.52,10.76,26.05,37.09,16.54,27764,1.43
BRITANNIA,Mar 2021,13136,2509.0,1851,313,111,24.0,2122,8000,2781,14.09,19.1,7712.5,23.14,88.42,116.92,25.42,-659,1.64
CANBK,Mar 2021,70253,43437.0,2957,-26,23086,1647.0,1060998,1179540,286191,4.21,61.83,179.54,0.25,644.2,4.09,1.88,774807,0.06
CHOLAFIN,Mar 2021,9583,2913.0,1521,22,56,164.0,63730,74644,1583,15.87,30.4,927.44,2.04,388.6,4.56,52.41,62147,0.13
CIPLA,Mar 2021,19160,14907.0,2389,22,266,161.0,2014,24855,2710,12.47,77.8,1483.85,9.61,12.51,685.38,56.12,-696,0.77
COALINDIA,Mar 2021,90026,71398.0,12702,21,3742,6163.0,5884,161051,5950,14.11,79.31,206.1,7.89,0.95,592.66,19.09,-66,0.56
DABUR,Mar 2021,9562,2002.0,1695,325,31,177.0,509,10833,4160,17.73,20.94,957.63,15.65,2.88,291.84,75.06,-3651,0.88
DIVISLAB,Mar 2021,6969,2867.0,1984,57,2,53.0,5,10771,0,28.47,41.14,3743.4,18.42,0.09,4943.1,1462.0,5,0.65
DLF,Mar 2021,5414,1469.0,1083,383,853,495.0,6886,53488,19746,20.0,27.13,218.79,2.02,13.91,19.9,2.17,-12860,0.1
DMART,Mar 2021,24143,1745.0,1099,194,42,648.0,393,13655,3,4.55,7.23,169.6,8.05,0.61,167.63,46.17,390,1.77
DRREDDY,Mar 2021,19048,3874.0,1952,335,97,83.0,3031,26588,2212,10.25,20.34,2351.81,7.34,36.52,124.41,43.39,819,0.72
EICHERMOT,Mar 2021,8720,1783.0,1347,482,16,27.0,219,14559,3902,15.45,20.45,4988.89,9.25,8.11,724.8,141.56,-3683,0.6
GAIL,Mar 2021,57372,7245.0,6143,2833,179,4440.0,7873,81030,13058,10.71,12.63,138.36,7.58,1.77,58.84,56.3,-5185,0.71
GODREJCP,Mar 2021,11029,2399.0,1721,23,138,102.0,1864,14244,679,15.6,21.75,1687.25,12.08,18.27,122.02,17.55,1185,0.77
GRASIM,Mar 2021,76404,18635.0,6987,1130,5723,132.0,79078,267349,88017,9.14,24.39,5293.18,2.61,599.08,23.53,3.45,-8939,0.29
HAL,Mar 2021,22882,5341.0,3239,360,267,5.0,6,186,17,14.16,23.34,64780.0,1741.4,1.2,48554.55,21.35,-11,123.02
HAVELLS,Mar 2021,10457,1589.0,1044,187,90,63.0,521,8852,306,9.98,15.2,1657.14,11.79,8.27,272.09,19.73,215,1.18
HCLTECH,Mar 2021,75379,20048.0,11169,927,511,543.0,6864,86047,6862,14.82,26.6,2056.91,12.98,12.64,270.66,41.05,2,0.88
HDFCBANK,Mar 2021,128552,52457.0,31857,13,27333,551.0,1511418,1799507,438823,24.78,40.81,5781.67,1.77,2743.05,3.47,1.92,1072595,0.07
HDFCLIFE,Mar 2021,71528,70294.0,1361,2,445,2021.0,600,179655,173564,1.9,98.27,67.34,0.76,0.3,2681.95,157.97,-172964,0.4
HEROMOTOCO,Mar 2021,30959,26902.0,2936,13,553,40.0,584,23096,10582,9.48,86.9,7340.0,12.71,14.6,4311.22,48.67,-9998,1.34
HINDALCO,Mar 2021,132008,114449.0,3483,13,-987,222.0,67206,188822,17133,2.64,86.7,1568.92,1.84,302.73,169.74,-115.97,50073,0.7
HINDUNILVR,Mar 2021,47028,35402.0,7999,25,170,235.0,0,68740,2709,17.01,75.28,3403.83,11.64,0.0,15064.68,208.39,-2709,0.68
ICICIBANK,Mar 2021,89163,91309.0,20364,-50,72174,1383.0,1103840,1573812,536579,22.84,102.41,1472.45,1.29,798.15,8.26,1.26,567261,0.06
ICICIGI,Mar 2021,12161,10090.0,1473,17,12,455.0,485,39298,30788,12.11,82.97,323.74,3.75,1.07,1073.4,842.25,-30303,0.31
ICICIPRULI,Mar 2021,83182,83572.0,956,0,1669,1436.0,1200,217220,211727,1.15,100.47,66.57,0.44,0.84,3170.41,50.07,-210527,0.38
INDIGO,Mar 2021,14641,14638.0,-6171,0,1036,48.0,9,811,50,-42.15,99.98,-12856.25,-760.91,0.19,25680.7,14.13,-41,18.05
INDUSINDBK,Mar 2021,29000,15997.0,2836,-9,6559,773.0,307528,362973,69695,9.78,55.16,366.88,0.78,397.84,5.19,2.44,237833,0.08
INFY,Mar 2021,100472,27889.0,19423,2201,195,2124.0,5325,107511,14205,19.33,27.76,914.45,18.07,2.51,374.4,154.31,-8880,0.93
IOC,Mar 2021,363950,39929.0,21762,4696,2933,9181.0,116649,355145,44717,5.98,10.97,237.03,6.13,12.71,31.73,15.21,71932,1.02
IRCTC,Mar 2021,777,188.0,187,124,8,160.0,79,3153,0,24.07,24.2,116.88,5.93,0.49,78.66,39.0,79,0.25
IRFC,Mar 2021,15771,15657.0,4416,0,11237,13069.0,323145,380482,12,28.0,99.28,33.79,1.16,24.73,4.66,1.39,323133,0.04
ITC,Mar 2021,49257,17065.0,13383,2577,58,1231.0,271,73761,24871,27.17,34.64,1087.16,18.14,0.22,1136.15,338.66,-24600,0.67
JINDALSTEL,Mar 2021,34579,10933.0,4267,313,2753,102.0,29910,77840,1156,12.34,31.62,4183.33,5.48,293.24,36.43,4.08,28754,0.44
JSWENERGY,Mar 2021,6922,2913.0,823,248,896,1642.0,8371,26207,4052,11.89,42.08,50.12,3.14,5.1,29.09,3.53,4319,0.26
JSWSTEEL,Mar 2021,79839,20178.0,7873,473,3957,302.0,62392,148317,8581,9.86,25.27,2606.95,5.31,206.6,32.18,5.22,53811,0.54
KOTAKBANK,Mar 2021,32820,29812.0,9990,-30,23588,991.0,327110,478854,156946,30.44,90.83,1008.07,2.09,330.08,9.09,1.26,170164,0.07
LICI,Mar 2021,690914,-252.0,2974,12820,0,100.0,4,3829524,3517445,0.43,-0.04,2974.0,0.08,0.04,-242.31,,-3517441,0.18
LODHA,Mar 2021,5449,1383.0,48,-140,1136,396.0,18193,39308,1579,0.88,25.38,12.12,0.12,45.94,7.44,1.09,16614,0.14
LT,Mar 2021,135979,23460.0,12921,8111,11750,18.0,798,10706,3730,9.5,17.25,71783.33,120.69,44.33,2875.0,2.69,-2932,12.7
LTIM,Mar 2021,12370,2725.0,1938,274,79,18.0,798,10706,3730,15.67,22.03,10766.67,18.1,44.33,333.95,37.96,-2932,1.16
M&M,Mar 2021,74278,11487.0,1512,1152,6102,555.0,80625,164968,28778,2.04,15.46,272.43,0.92,145.27,14.15,2.07,51847,0.45
MARUTI,Mar 2021,70372,5411.0,4389,3046,102,151.0,541,71376,42945,6.24,7.69,2906.62,6.15,3.58,781.94,82.91,-42404,0.99
MOTHERSON,Mar 2021,57370,4370.0,1569,568,512,316.0,11930,47749,846,2.73,7.62,496.52,3.29,37.75,35.69,9.64,11084,1.2
NAUKRI,Mar 2021,1128,74.0,1418,1584,11,129.0,65,6292,2324,125.71,6.56,1099.22,22.54,0.5,38.14,150.73,-2259,0.18
NHPC,Mar 2021,9648,5277.0,3600,1087,577,10045.0,23365,73136,1842,37.31,54.7,35.84,4.92,2.33,15.79,11.03,21523,0.13
NTPC,Mar 2021,111531,34044.0,14969,5021,9224,9697.0,210208,398022,10589,13.42,30.52,154.37,3.76,21.68,15.48,4.24,199619,0.28
ONGC,Mar 2021,303849,49473.0,21360,11271,5079,6290.0,133187,541748,60320,7.03,16.28,339.59,3.94,21.17,35.47,11.96,72867,0.56
PFC,Mar 2021,71656,19871.0,15716,46,44684,2640.0,659682,775707,3499,21.93,27.73,595.3,2.03,249.88,3.0,0.45,656183,0.09
PIDILITIND,Mar 2021,7293,1686.0,1126,74,37,51.0,331,8814,516,15.44,23.12,2207.84,12.78,6.49,441.36,47.57,-185,0.83
PNB,Mar 2021,81935,,2695,12777,50805,168.0,59394,71333,2033,3.29,,1604.17,3.78,353.54,,,57361,1.15
PNB,Mar 2021,81935,,2695,12777,50805,168.0,59394,71333,2033,3.29,,1604.17,3.78,353.54,,,57361,1.15
PNB,Mar 2021,81935,,2695,12777,50805,168.0,59394,71333,2033,3.29,,1604.17,3.78,353.54,,,57361,1.15
PNB,Mar 2021,81935,,2695,12777,50805,168.0,59394,71333,2033,3.29,,1604.17,3.78,353.54,,,57361,1.15
PNB,Mar 2021,81935,,2695,12777,50805,168.0,59394,71333,2033,3.29,,1604.17,3.78,353.54,,,57361,1.15
POWERGRID,Mar 2021,39640,34906.0,12036,769,8135,5232.0,143232,255708,1486,30.36,88.06,230.05,4.71,27.38,23.51,4.39,141746,0.16
POWERGRID,Mar 2021,39640,34906.0,12036,769,8135,5232.0,143232,255708,1486,30.36,88.06,230.05,4.71,27.38,23.51,4.39,141746,0.16
RECLTD,Mar 2021,35557,32265.0,8378,15,21489,1975.0,329723,400867,1981,23.56,90.74,424.2,2.09,166.95,9.73,1.5,327742,0.09
RELIANCE,Mar 2021,466307,80790.0,53739,22432,21189,6445.0,278962,1320065,364828,11.52,17.33,833.81,4.07,43.28,28.31,4.87,-85866,0.35
SBILIFE,Mar 2021,81913,872.0,1456,867,0,1000.0,0,226830,218756,1.78,1.06,145.6,0.64,0.0,87.2,,-218756,0.36
SHREECEM,Mar 2021,13560,4091.0,2337,426,251,36.0,2230,21513,8500,17.23,30.17,6491.67,10.86,61.94,180.54,18.0,-6270,0.63
SHRIRAMFIN,Mar 2021,17422,3402.0,2499,14,9089,253.0,106546,129910,3347,14.34,19.53,987.75,1.92,421.13,3.19,0.38,103199,0.13
SUNPHARMA,Mar 2021,33498,8470.0,2272,-3449,141,240.0,3869,67622,9612,6.78,25.29,946.67,3.36,16.12,206.13,35.61,-5743,0.5
TATACONSUM,Mar 2021,11602,1544.0,930,91,73,92.0,1634,20218,806,8.02,13.31,1010.87,4.6,17.76,89.46,22.4,828,0.57
TATAMOTORS,Mar 2021,249795,32287.0,-13395,-11118,8097,766.0,142131,341570,24620,-5.36,12.93,-1748.69,-3.92,185.55,22.59,2.61,117511,0.73
TATAPOWER,Mar 2021,32703,6921.0,1439,1775,4010,320.0,46708,98655,13149,4.4,21.16,449.69,1.46,145.96,14.72,2.17,33559,0.33
TATASTEEL,Mar 2021,156294,30504.0,8190,180,7607,1198.0,88501,243909,10682,5.24,19.52,683.64,3.36,73.87,34.01,4.03,77819,0.64
TCS,Mar 2021,164177,46546.0,32562,1916,637,370.0,7795,129992,29373,19.83,28.35,8800.54,25.05,21.07,570.07,76.08,-21578,1.26
TECHM,Mar 2021,37855,6796.0,4353,788,174,437.0,2901,39602,10238,11.5,17.95,996.11,10.99,6.64,203.59,43.59,-7337,0.96
TECHM,Mar 2021,37855,6796.0,4353,788,174,437.0,2901,39602,10238,11.5,17.95,996.11,10.99,6.64,203.59,43.59,-7337,0.96
TITAN,Mar 2021,21644,1725.0,974,180,203,89.0,5638,16444,2824,4.5,7.97,1094.38,5.92,63.35,30.12,9.38,2814,1.32
TORNTPHARM,Mar 2021,8005,2480.0,1252,57,353,85.0,4874,14075,181,15.64,30.98,1472.94,8.9,57.34,50.01,7.19,4693,0.57
TRENT,Mar 2021,2593,114.0,-181,199,261,36.0,300,5724,1487,-6.98,4.4,-502.78,-3.16,8.33,33.93,1.2,-1187,0.45
TVSMOTOR,Mar 2021,19421,2232.0,608,36,881,48.0,12179,21865,468,3.13,11.49,1266.67,2.78,253.73,18.25,2.57,11711,0.89
ULTRACEMCO,Mar 2021,44726,11568.0,5462,619,1486,289.0,21719,86176,12178,12.21,25.86,1889.97,6.34,75.15,52.56,8.2,9541,0.52
UNIONBANK,Mar 2021,69311,-11071.0,2863,14307,44112,6407.0,977576,1082377,339059,4.13,-15.97,44.69,0.26,152.58,-1.13,0.07,638517,0.06
ABB,Mar 2022,4913,1082.0,799,83,19,21.0,152,4224,0,16.26,22.02,3804.76,18.92,7.24,625.43,61.32,152,1.16
ADANIENSOL,Mar 2022,11258,4206.0,1236,1286,2365,1100.0,29902,47464,561,10.98,37.36,112.36,2.6,27.18,13.57,2.32,29341,0.24
ADANIENT,Mar 2022,69420,3714.0,788,1012,2526,110.0,41604,101586,4292,1.14,5.35,716.36,0.78,378.22,8.9,1.87,37312,0.68
ADANIGREEN,Mar 2022,5133,3512.0,489,507,2617,1564.0,52832,58954,574,9.53,68.42,31.27,0.83,33.78,6.46,1.54,52258,0.09
ADANIPORTS,Mar 2022,17119,9528.0,4953,1832,2544,422.0,47935,98328,3161,28.93,55.66,1173.7,5.04,113.59,19.7,4.47,44774,0.17
ADANIPORTS,Mar 2022,17119,9528.0,4953,1832,2544,422.0,47935,98328,3161,28.93,55.66,1173.7,5.04,113.59,19.7,4.47,44774,0.17
ADANIPOWER,Mar 2022,27711,9881.0,4912,3908,4095,3857.0,49145,81981,183,17.73,35.66,127.35,5.99,12.74,18.64,3.37,48962,0.34
APOLLOHOSP,Mar 2022,14663,2189.0,1108,368,379,72.0,4068,13261,816,7.56,14.93,1538.89,8.36,56.5,52.87,6.75,3252,1.11
ASIANPAINT,Mar 2022,29101,4804.0,3085,296,95,96.0,1587,22958,3248,10.6,16.51,3213.54,13.44,16.53,285.44,53.68,-1661,1.27
ASIANPAINT,Mar 2022,29101,4804.0,3085,296,95,96.0,1587,22958,3248,10.6,16.51,3213.54,13.44,16.53,285.44,53.68,-1661,1.27
ATGL,Mar 2022,3038,773.0,509,46,53,110.0,1035,4415,634,16.75,25.44,462.73,11.53,9.41,67.51,15.45,401,0.69
AXISBANK,Mar 2022,67377,29962.0,13025,5,15221,614.0,1020943,1195779,274608,19.33,44.47,2121.34,1.09,1662.77,2.93,1.97,746335,0.06
BAJAJ-AUTO,Mar 2022,33145,5259.0,6166,2671,9,289.0,123,35111,26634,18.6,15.87,2133.56,17.56,0.43,1276.46,881.11,-26511,0.94
BAJAJFINSV,Mar 2022,68406,21455.0,8314,8,9629,80.0,161179,333413,119222,12.15,31.36,10392.5,2.49,2014.74,13.3,2.23,41957,0.21
BAJAJHLDNG,Mar 2022,484,367.0,4126,3896,3,111.0,114,53588,52964,852.48,75.83,3717.12,7.7,1.03,163.11,1421.0,-52850,0.01
BAJFINANCE,Mar 2022,31641,11880.0,7028,31,-17,121.0,165232,212506,12246,22.21,37.55,5808.26,3.31,1365.55,7.18,-700.65,152986,0.15
BANKBARODA,Mar 2022,73385,37518.0,7933,-4,14395,1036.0,1185331,1340121,347587,10.81,51.12,765.73,0.59,1144.14,3.16,2.61,837744,0.05
BEL,Mar 2022,15368,3344.0,2400,232,9,11.0,58,163,0,15.62,21.76,21818.18,1472.39,5.27,4846.38,397.33,58,94.28
BHARTIARTL,Mar 2022,116547,57534.0,8305,4656,16616,2795.0,169678,361207,29349,7.13,49.37,297.14,2.3,60.71,33.36,3.74,140329,0.32
BHEL,Mar 2022,21211,828.0,445,405,448,696.0,4830,56991,205,2.1,3.9,63.94,0.78,6.94,14.98,2.75,4625,0.37
BOSCHLTD,Mar 2022,11782,1462.0,1217,391,29,30.0,73,15410,5528,10.33,12.41,4056.67,7.9,2.43,1419.42,63.9,-5455,0.76
BPCL,Mar 2022,346791,19137.0,11682,4939,2606,2129.0,64534,187529,23616,3.37,5.52,548.71,6.23,30.31,28.71,9.24,40918,1.85
BRITANNIA,Mar 2022,14136,2201.0,1516,222,144,24.0,2481,7527,1762,10.72,15.57,6316.67,20.14,103.38,87.86,16.83,719,1.88
CANBK,Mar 2022,70614,41235.0,6158,-19,23643,1814.0,1132626,1258789,311347,8.72,58.39,339.47,0.49,624.38,3.63,1.74,821279,0.06
CHOLAFIN,Mar 2022,10148,2926.0,2154,29,84,164.0,69174,82478,2055,21.23,28.83,1313.41,2.61,421.79,4.22,35.18,67119,0.12
CIPLA,Mar 2022,21763,17211.0,2547,21,99,161.0,1056,26857,2551,11.7,79.08,1581.99,9.48,6.56,1414.22,174.06,-1495,0.81
COALINDIA,Mar 2022,109715,84995.0,17378,23,3866,6163.0,3514,179436,8921,15.84,77.47,281.97,9.68,0.57,878.32,21.99,-5407,0.61
DABUR,Mar 2022,10889,2252.0,1742,308,39,177.0,1030,12284,6220,16.0,20.68,984.18,14.18,5.82,186.58,65.64,-5190,0.89
DIVISLAB,Mar 2022,8960,3885.0,2960,112,2,53.0,4,13360,72,33.04,43.36,5584.91,22.16,0.08,6815.79,1998.5,-68,0.67
DLF,Mar 2022,5717,1743.0,1500,195,625,495.0,4182,51167,19779,26.24,30.49,303.03,2.93,8.45,37.27,3.1,-15597,0.11
DMART,Mar 2022,30976,2502.0,1492,114,54,648.0,647,15471,6,4.82,8.08,230.25,9.64,1.0,193.2,48.44,641,2.0
DRREDDY,Mar 2022,21545,3768.0,2182,555,96,83.0,3384,29746,2616,10.13,17.49,2628.92,7.34,40.77,108.68,45.03,768,0.72
EICHERMOT,Mar 2022,10298,2178.0,1677,496,19,27.0,108,16140,7721,16.28,21.15,6211.11,10.39,4.0,1613.33,140.74,-7613,0.64
GAIL,Mar 2022,92770,15161.0,12304,2925,202,4440.0,9216,96584,16408,13.26,16.34,277.12,12.74,2.08,111.02,89.53,-7192,0.96
GODREJCP,Mar 2022,12276,2409.0,1783,78,122,102.0,1704,16082,1015,14.52,19.62,1748.04,11.09,16.71,133.39,20.39,689,0.76
GRASIM,Mar 2022,95701,20431.0,11206,1648,4776,132.0,74744,289149,96766,11.71,21.35,8489.39,3.88,566.24,27.29,4.62,-22022,0.33
HAL,Mar 2022,24620,5420.0,5086,986,65,5.0,12,202,29,20.66,22.01,101720.0,2517.82,2.4,31882.35,98.55,-17,121.88
HAVELLS,Mar 2022,13938,1775.0,1196,159,67,63.0,616,10523,426,8.58,12.73,1898.41,11.37,9.78,261.41,28.87,190,1.32
HCLTECH,Mar 2022,85651,20529.0,13523,1067,319,543.0,6343,88921,6351,15.79,23.97,2490.42,15.21,11.68,298.13,67.7,-8,0.96
HDFCBANK,Mar 2022,135936,56557.0,38151,15,31759,555.0,1784970,2122934,449264,28.07,41.61,6874.05,1.8,3216.16,3.17,1.78,1335706,0.06
HDFCLIFE,Mar 2022,67126,66348.0,1327,1,766,2113.0,600,230734,216551,1.98,98.84,62.8,0.58,0.28,2445.56,86.62,-215951,0.29
HEROMOTOCO,Mar 2022,29551,26295.0,2329,11,545,40.0,605,22478,10528,7.88,88.98,5822.5,10.36,15.12,4076.74,48.27,-9923,1.31
HINDALCO,Mar 2022,195059,166712.0,13730,15,1253,222.0,64486,221855,14119,7.04,85.47,6184.68,6.19,290.48,257.64,133.06,50367,0.88
HINDUNILVR,Mar 2022,52446,39589.0,8892,25,219,235.0,1043,70506,3521,16.95,75.49,3783.83,12.61,4.44,3097.73,180.89,-2478,0.74
ICICIBANK,Mar 2022,95407,80798.0,26538,-28,62129,1390.0,1252968,1752637,567098,27.82,84.69,1909.21,1.51,901.42,6.44,1.3,685870,0.05
ICICIGI,Mar 2022,16026,15010.0,1271,6,809,491.0,255,50848,38412,7.93,93.66,258.86,2.5,0.52,2012.06,18.56,-38157,0.32
ICICIPRULI,Mar 2022,63564,65728.0,759,-3,3191,1437.0,1200,244437,238101,1.19,103.4,52.82,0.31,0.84,2492.53,20.6,-236901,0.26
INDIGO,Mar 2022,25931,25373.0,-317,2,725,48.0,12,920,173,-1.22,97.85,-660.42,-34.46,0.25,42288.33,35.0,-161,28.19
INDUSINDBK,Mar 2022,30822,15840.0,4611,-3,7334,775.0,341005,401975,70971,14.96,51.39,594.97,1.15,440.01,4.63,2.16,270034,0.08
INFY,Mar 2022,121641,31491.0,22146,2295,200,2098.0,5474,116729,20324,18.21,25.89,1055.58,18.97,2.61,415.89,168.93,-14850,1.04
IOC,Mar 2022,589321,47758.0,25727,4332,5454,9181.0,132020,410882,52352,4.37,8.1,280.22,6.26,14.38,33.82,9.55,79668,1.43
IRCTC,Mar 2022,1879,874.0,660,72,11,160.0,105,3884,0,35.13,46.51,412.5,16.99,0.66,329.81,86.0,105,0.48
IRFC,Mar 2022,20299,20177.0,6090,2,14075,13069.0,388440,449980,10,30.0,99.4,46.6,1.35,29.72,5.03,1.43,388430,0.05
ITC,Mar 2022,60645,20623.0,15503,1910,60,1232.0,249,77196,24841,25.56,34.01,1258.36,20.08,0.2,1392.51,375.55,-24592,0.79
JINDALSTEL,Mar 2022,51166,15515.0,6766,-1840,1888,101.0,13502,76644,470,13.22,30.32,6699.01,8.83,133.68,114.06,7.24,13032,0.67
JSWENERGY,Mar 2022,8167,3572.0,1743,575,777,1640.0,8943,30514,6623,21.34,43.74,106.28,5.71,5.45,33.75,5.34,2320,0.27
JSWSTEEL,Mar 2022,146371,39114.0,20938,1600,4968,301.0,72237,196485,4940,14.3,26.72,6956.15,10.66,239.99,53.92,8.2,67297,0.74
KOTAKBANK,Mar 2022,33741,30699.0,12089,-25,24941,992.0,365747,546498,164529,35.83,90.98,1218.65,2.21,368.7,8.37,1.23,201218,0.06
LICI,Mar 2022,723606,3326.0,4125,9248,0,6325.0,1,4254059,3926212,0.57,0.46,65.22,0.1,0.0,52.58,,-3926211,0.17
LODHA,Mar 2022,9233,2186.0,1208,293,688,482.0,11537,38404,574,13.08,23.68,250.62,3.15,23.94,18.19,3.6,10963,0.24
LT,Mar 2022,156521,24314.0,10419,2364,9235,30.0,258,20572,6048,6.66,15.53,34730.0,50.65,8.6,8442.36,2.89,-5790,7.61
LTIM,Mar 2022,26109,5249.0,3950,766,123,30.0,258,20572,6048,15.13,20.1,13166.67,19.2,8.6,1822.57,48.9,-5790,1.27
M&M,Mar 2022,90171,14683.0,7253,3204,5018,556.0,77605,172388,30060,8.04,16.28,1304.5,4.21,139.58,18.79,3.56,47545,0.52
MARUTI,Mar 2022,88330,5752.0,3880,1861,127,151.0,426,74656,42035,4.39,6.51,2569.54,5.2,2.82,996.88,59.94,-41609,1.18
MOTHERSON,Mar 2022,63774,4714.0,1182,575,543,452.0,14130,55726,6462,1.85,7.39,261.5,2.12,31.26,32.33,9.74,7668,1.14
NAUKRI,Mar 2022,1589,446.0,12882,13810,11,129.0,64,20483,15614,810.7,28.07,9986.05,62.89,0.5,231.09,1296.0,-15550,0.08
NHPC,Mar 2022,9144,4013.0,3774,981,586,10045.0,26096,77288,2386,41.27,43.89,37.57,4.88,2.6,11.1,8.52,23710,0.12
NTPC,Mar 2022,132669,40362.0,16960,4809,9376,9697.0,210707,415831,10626,12.78,30.42,174.9,4.08,21.73,18.31,4.82,200081,0.32
ONGC,Mar 2022,491246,79874.0,49294,6797,5696,6290.0,121986,583260,66642,10.03,16.26,783.69,8.45,19.39,62.27,15.22,55344,0.84
PFC,Mar 2022,76262,23338.0,18768,79,44709,2640.0,660476,791000,3774,24.61,30.6,710.91,2.37,250.18,3.52,0.52,656702,0.1
PIDILITIND,Mar 2022,9921,1856.0,1207,39,42,51.0,416,9494,459,12.17,18.71,2366.67,12.71,8.16,397.43,45.12,-43,1.04
PNB,Mar 2022,76242,,3908,12329,46823,169.0,52961,65649,3472,5.13,,2312.43,5.95,313.38,,,49489,1.16
PNB,Mar 2022,76242,,3908,12329,46823,169.0,52961,65649,3472,5.13,,2312.43,5.95,313.38,,,49489,1.16
PNB,Mar 2022,76242,,3908,12329,46823,169.0,52961,65649,3472,5.13,,2312.43,5.95,313.38,,,49489,1.16
PNB,Mar 2022,76242,,3908,12329,46823,169.0,52961,65649,3472,5.13,,2312.43,5.95,313.38,,,49489,1.16
PNB,Mar 2022,76242,,3908,12329,46823,169.0,52961,65649,3472,5.13,,2312.43,5.95,313.38,,,49489,1.16
POWERGRID,Mar 2022,41622,35826.0,16824,4692,8036,6975.0,134696,250950,3788,40.42,86.07,241.2,6.7,19.31,25.29,5.04,130908,0.17
POWERGRID,Mar 2022,41622,35826.0,16824,4692,8036,6975.0,134696,250950,3788,40.42,86.07,241.2,6.7,19.31,25.29,5.04,130908,0.17
RECLTD,Mar 2022,39276,34438.0,10036,62,22051,1975.0,333043,410860,2190,25.55,87.68,508.15,2.44,168.63,10.28,1.56,330853,0.1
RELIANCE,Mar 2022,694673,108581.0,67845,19600,14584,6765.0,319158,1498622,394264,9.77,15.63,1002.88,4.53,47.18,33.31,8.79,-75106,0.46
SBILIFE,Mar 2022,82983,730.0,1506,1032,0,1000.0,0,273337,264437,1.81,0.88,150.6,0.55,0.0,73.0,,-264437,0.3
SHREECEM,Mar 2022,15010,3710.0,1269,544,263,36.0,2129,23749,9033,8.45,24.72,3525.0,5.34,59.14,171.36,16.17,-6904,0.63
SHRIRAMFIN,Mar 2022,19255,3666.0,2721,18,9773,271.0,114846,142268,6971,14.13,19.04,1004.06,1.91,423.79,3.18,0.38,107875,0.14
SUNPHARMA,Mar 2022,38654,10258.0,3389,-3505,127,240.0,1290,69776,12849,8.77,26.54,1412.08,4.86,5.38,670.46,53.17,-11559,0.55
TATACONSUM,Mar 2022,12425,1719.0,1015,88,87,92.0,1412,21075,797,8.17,13.84,1103.26,4.82,15.35,114.3,20.77,615,0.59
TATAMOTORS,Mar 2022,278454,24720.0,-11309,2424,9312,766.0,146449,329061,29380,-4.06,8.88,-1476.37,-3.44,191.19,16.79,2.91,117069,0.85
TATAPOWER,Mar 2022,42816,7031.0,2156,2486,3859,320.0,51195,112550,14160,5.04,16.42,673.75,1.92,159.98,13.65,2.47,37035,0.38
TATASTEEL,Mar 2022,243959,63490.0,41749,1300,5462,1221.0,75561,282422,13140,17.11,26.02,3419.25,14.78,61.88,82.69,11.86,62421,0.86
TCS,Mar 2022,191754,53057.0,38449,4018,784,366.0,7818,140924,30485,20.05,27.67,10505.19,27.28,21.36,648.3,72.8,-22667,1.36
TECHM,Mar 2022,44646,8020.0,5630,1115,163,439.0,2618,44416,4884,12.61,17.96,1282.46,12.68,5.96,262.35,56.04,-2266,1.01
TECHM,Mar 2022,44646,8020.0,5630,1115,163,439.0,2618,44416,4884,12.61,17.96,1282.46,12.68,5.96,262.35,56.04,-2266,1.01
TITAN,Mar 2022,28799,3344.0,2198,177,218,89.0,7275,21188,294,7.63,11.61,2469.66,10.37,81.74,45.41,16.15,6981,1.36
TORNTPHARM,Mar 2022,8508,2431.0,777,-288,255,85.0,4070,12906,226,9.13,28.57,914.12,6.02,47.88,58.51,8.4,3844,0.66
TRENT,Mar 2022,4498,595.0,35,152,325,36.0,4725,7726,1284,0.78,13.23,97.22,0.45,131.25,12.5,2.3,3441,0.58
TVSMOTOR,Mar 2022,24355,2755.0,731,-5,940,48.0,15827,26919,605,3.0,11.31,1522.92,2.72,329.73,17.35,2.93,15222,0.9
ULTRACEMCO,Mar 2022,52599,11514.0,7334,669,945,289.0,11299,83811,6336,13.94,21.89,2537.72,8.75,39.1,99.36,12.89,4963,0.63
UNIONBANK,Mar 2022,68230,-4213.0,5265,13524,40178,6835.0,1085613,1193766,351839,7.72,-6.17,77.03,0.44,158.83,-0.39,0.23,733774,0.06
ABB,Mar 2023,5349,1206.0,949,154,16,21.0,113,4556,0,17.74,22.55,4519.05,20.83,5.38,900.0,85.0,113,1.17
ADANIENSOL,Mar 2023,13293,4518.0,1281,1583,2781,1115.0,34270,53932,1370,9.64,33.99,114.89,2.38,30.74,12.77,2.19,32900,0.25
ADANIENT,Mar 2023,127540,8818.0,2422,834,3969,114.0,53200,141278,6310,1.9,6.91,2124.56,1.71,466.67,16.54,2.43,46890,0.9
ADANIGREEN,Mar 2023,7776,4970.0,973,667,2911,1584.0,54223,66909,1149,12.51,63.91,61.43,1.45,34.23,8.91,1.94,53074,0.12
ADANIPORTS,Mar 2023,20852,10947.0,5391,327,2363,432.0,53434,112563,7432,25.85,52.5,1247.92,4.79,123.69,20.32,4.77,46002,0.19
ADANIPORTS,Mar 2023,20852,10947.0,5391,327,2363,432.0,53434,112563,7432,25.85,52.5,1247.92,4.79,123.69,20.32,4.77,46002,0.19
ADANIPOWER,Mar 2023,38773,10096.0,10727,4216,3334,3857.0,42350,85821,654,27.67,26.04,278.12,12.5,10.98,21.85,4.29,41696,0.45
APOLLOHOSP,Mar 2023,16612,2065.0,844,75,381,72.0,4332,14416,574,5.08,12.43,1172.22,5.85,60.17,46.89,5.62,3758,1.15
ASIANPAINT,Mar 2023,34489,6260.0,4195,431,144,96.0,1933,25779,4262,12.16,18.15,4369.79,16.27,20.14,308.53,46.47,-2329,1.34
ASIANPAINT,Mar 2023,34489,6260.0,4195,431,144,96.0,1933,25779,4262,12.16,18.15,4369.79,16.27,20.14,308.53,46.47,-2329,1.34
ATGL,Mar 2023,4378,870.0,546,54,78,110.0,1422,5645,682,12.47,19.87,496.36,9.67,12.93,56.79,11.85,740,0.78
AXISBANK,Mar 2023,85164,29089.0,9580,16,16143,615.0,1152038,1344418,288095,11.25,34.16,1557.72,0.71,1873.23,2.52,1.8,863943,0.06
BAJAJ-AUTO,Mar 2023,36455,6465.0,6060,1703,40,283.0,124,35136,26183,16.62,17.73,2141.34,17.25,0.44,1588.45,204.2,-26059,1.04
BAJAJFINSV,Mar 2023,82072,29868.0,12210,1,12380,159.0,212265,405401,136176,14.88,36.39,7679.25,3.01,1335.0,14.06,2.41,76089,0.2
BAJAJHLDNG,Mar 2023,522,380.0,4946,4673,7,111.0,93,53188,52555,947.51,72.8,4455.86,9.3,0.84,186.27,721.86,-52462,0.01
BAJFINANCE,Mar 2023,41411,12693.0,11508,39,-5,121.0,216690,275226,22752,27.79,30.65,9510.74,4.18,1790.83,5.85,-2546.4,193938,0.15
BANKBARODA,Mar 2023,94503,38231.0,15005,7,16275,1036.0,1342592,1525871,397487,15.88,40.45,1448.36,0.98,1295.94,2.85,2.35,945105,0.06
BEL,Mar 2023,17734,4090.0,2986,281,19,11.0,39,144,0,16.84,23.06,27145.45,2073.61,3.55,8180.0,230.05,39,123.15
BHARTIARTL,Mar 2023,139145,71274.0,12287,1019,19300,2837.0,226020,444557,32954,8.83,51.22,433.1,2.76,79.67,31.14,3.75,193066,0.31
BHEL,Mar 2023,23365,1044.0,654,544,612,696.0,5454,57664,235,2.8,4.47,93.97,1.13,7.84,16.98,2.59,5219,0.41
BOSCHLTD,Mar 2023,14929,1810.0,1424,471,12,30.0,53,16259,5023,9.54,12.12,4746.67,8.76,1.77,2180.72,190.08,-4970,0.92
BPCL,Mar 2023,473187,10899.0,2131,2036,3745,2129.0,69376,188109,26778,0.45,2.3,100.09,1.13,32.59,15.24,3.45,42598,2.52
BRITANNIA,Mar 2023,16301,2831.0,2316,597,169,24.0,2997,9351,3324,14.21,17.37,9650.0,24.77,124.88,93.71,20.28,-327,1.74
CANBK,Mar 2023,85885,42772.0,11345,-12,25325,1814.0,1237160,1381030,352893,13.21,49.8,625.41,0.82,682.01,3.45,1.69,884267,0.06
CHOLAFIN,Mar 2023,12884,3621.0,2665,27,220,164.0,97358,113627,3562,20.68,28.1,1625.0,2.35,593.65,3.71,16.58,93796,0.11
CIPLA,Mar 2023,22753,17726.0,2833,22,293,161.0,803,29300,3662,12.45,77.91,1759.63,9.67,4.99,1838.8,60.57,-2859,0.78
COALINDIA,Mar 2023,138252,94020.0,31723,32,6560,6163.0,4331,221396,7139,22.95,68.01,514.73,14.33,0.7,895.94,14.34,-2808,0.62
DABUR,Mar 2023,11530,2162.0,1701,445,78,177.0,1174,13652,6265,14.75,18.75,961.02,12.46,6.63,160.03,33.42,-5091,0.84
DIVISLAB,Mar 2023,7767,2370.0,1824,344,2,53.0,4,14425,77,23.48,30.51,3441.51,12.64,0.08,4157.89,1357.0,-73,0.54
DLF,Mar 2023,5695,1726.0,2034,317,392,495.0,3334,52572,19481,35.72,30.31,410.91,3.87,6.74,45.08,5.21,-16147,0.11
DMART,Mar 2023,42840,3639.0,2378,128,67,648.0,643,18105,202,5.55,8.49,366.98,13.13,0.99,281.87,56.22,441,2.37
DRREDDY,Mar 2023,24670,6470.0,4507,971,143,83.0,1347,32209,4986,18.27,26.23,5430.12,13.99,16.23,452.45,52.03,-3639,0.77
EICHERMOT,Mar 2023,14442,3446.0,2914,908,28,27.0,288,19198,12321,20.18,23.86,10792.59,15.18,10.67,1093.97,155.5,-12033,0.75
GAIL,Mar 2023,145668,7500.0,5596,2822,365,6575.0,17816,107805,17248,3.84,5.15,85.11,5.19,2.71,30.75,28.28,568,1.35
GODREJCP,Mar 2023,13316,2443.0,1702,114,188,102.0,1130,17437,3029,12.78,18.35,1668.63,9.76,11.08,198.3,13.6,-1899,0.76
GRASIM,Mar 2023,117627,21589.0,11078,3733,6044,132.0,103039,336823,105355,9.42,18.35,8392.42,3.29,780.6,20.93,4.19,-2316,0.35
HAL,Mar 2023,26928,6669.0,5811,1672,64,5.0,47,271,35,21.58,24.77,116220.0,2144.28,9.4,12825.0,130.33,12,99.37
HAVELLS,Mar 2023,16911,1621.0,1072,178,55,63.0,223,11157,201,6.34,9.59,1701.59,9.61,3.54,566.78,32.71,22,1.52
HCLTECH,Mar 2023,101456,22628.0,14845,1358,353,543.0,4794,93250,5495,14.63,22.3,2733.89,15.92,8.83,423.98,67.95,-701,1.09
HDFCBANK,Mar 2023,170754,63042.0,46149,18,33912,558.0,2139212,2530432,511582,27.03,36.92,8270.43,1.82,3833.71,2.95,1.86,1627630,0.07
HDFCLIFE,Mar 2023,70207,70127.0,1368,0,1437,2149.0,950,248069,238197,1.95,99.89,63.66,0.55,0.44,2262.89,48.8,-237247,0.28
HEROMOTOCO,Mar 2023,34158,30060.0,2800,12,567,40.0,568,23917,10891,8.2,88.0,7000.0,11.71,14.2,4944.08,53.04,-10323,1.43
HINDALCO,Mar 2023,223202,200536.0,10097,10,1307,222.0,60291,223489,14116,4.52,89.85,4548.2,4.52,271.58,331.39,153.44,46175,1.0
HINDUNILVR,Mar 2023,60580,46433.0,10143,23,448,235.0,1219,73077,2882,16.74,76.65,4316.17,13.88,5.19,3193.47,103.7,-1663,0.83
ICICIBANK,Mar 2023,121067,87864.0,35461,-14,65112,1397.0,1399894,1958490,639552,29.29,72.57,2538.37,1.81,1002.07,6.27,1.35,760342,0.06
ICICIGI,Mar 2023,17876,16612.0,1729,7,991,491.0,35,55086,42836,9.67,92.93,352.14,3.14,0.07,3158.17,16.77,-42801,0.32
ICICIPRULI,Mar 2023,50478,52235.0,813,-3,2925,1439.0,1200,255851,248216,1.61,103.48,56.5,0.32,0.83,1979.35,17.86,-247016,0.2
INDIGO,Mar 2023,54446,47926.0,-317,12,1431,48.0,12,1062,132,-0.58,88.02,-660.42,-29.85,0.25,79876.67,33.5,-120,51.27
INDUSINDBK,Mar 2023,36368,15525.0,7390,6,8166,776.0,385449,457804,83116,20.32,42.69,952.32,1.61,496.71,4.02,1.9,302333,0.08
INFY,Mar 2023,146767,35130.0,24108,2701,284,2069.0,8299,124596,19478,16.43,23.94,1165.2,19.35,4.01,338.83,133.21,-11179,1.18
IOC,Mar 2023,841756,30683.0,11704,5124,7588,13772.0,148977,441995,52190,1.39,3.65,84.98,2.65,10.82,18.85,4.72,96787,1.9
IRCTC,Mar 2023,3541,1276.0,1006,148,16,160.0,84,5089,0,28.41,36.04,628.75,19.77,0.52,522.95,89.0,84,0.7
IRFC,Mar 2023,23722,23588.0,6167,41,17447,13069.0,418935,490359,14,26.0,99.44,47.19,1.26,32.06,5.46,1.35,418921,0.05
ITC,Mar 2023,70919,25704.0,19477,2098,78,1243.0,306,85831,29415,27.46,36.24,1566.93,22.69,0.25,1659.39,356.44,-29109,0.83
JINDALSTEL,Mar 2023,53212,9942.0,3974,-539,1446,100.0,13046,69427,907,7.47,18.68,3974.0,5.72,130.46,75.63,6.5,12139,0.77
JIOFIN,Mar 2023,45,39.0,31,10,0,2.0,743,114930,108141,68.89,86.67,1550.0,0.03,371.5,5.23,,-107398,0.0
JSWENERGY,Mar 2023,10332,3282.0,1480,674,844,1641.0,25051,48417,6033,14.32,31.77,90.19,3.06,15.27,12.3,4.69,19018,0.21
JSWSTEEL,Mar 2023,165960,18470.0,4139,1561,6902,301.0,80853,210539,4806,2.49,11.13,1375.08,1.97,268.61,22.76,2.9,76047,0.79
KOTAKBANK,Mar 2023,42151,33485.0,14925,-14,25991,993.0,418807,620430,195338,35.41,79.44,1503.02,2.41,421.76,7.98,1.29,223469,0.07
LICI,Mar 2023,784628,34207.0,35997,7800,77,6325.0,0,4578491,4243008,4.59,4.36,569.12,0.79,0.0,540.82,545.55,-4243008,0.17
LODHA,Mar 2023,9470,2064.0,490,-1037,482,482.0,9060,39122,246,5.17,21.8,101.66,1.25,18.8,21.63,2.13,8814,0.24
LT,Mar 2023,183341,27166.0,12531,2891,9445,30.0,1541,23481,5458,6.83,14.82,41770.0,53.37,51.37,1729.22,3.18,-3917,7.81
LTIM,Mar 2023,33183,6108.0,4410,557,150,30.0,1541,23481,5458,13.29,18.41,14700.0,18.78,51.37,388.8,44.43,-3917,1.41
M&M,Mar 2023,121269,20285.0,11374,3961,5830,557.0,92247,204283,35272,9.38,16.73,2042.01,5.57,165.61,21.86,4.16,56975,0.59
MARUTI,Mar 2023,118410,13122.0,8264,2415,252,157.0,1248,100106,49184,6.98,11.08,5263.69,8.26,7.95,933.95,61.65,-47936,1.18
MOTHERSON,Mar 2023,78788,6251.0,1670,70,781,678.0,13792,61330,6290,2.12,7.93,246.31,2.72,20.34,43.2,8.09,7502,1.28
NAUKRI,Mar 2023,2346,348.0,-70,-116,18,129.0,108,16658,12403,-2.98,14.83,-54.26,-0.42,0.84,146.84,12.89,-12295,0.14
NHPC,Mar 2023,10607,6184.0,4261,743,475,10045.0,29540,86211,499,40.17,58.3,42.42,4.94,2.94,15.62,14.58,29041,0.12
NTPC,Mar 2023,176207,47596.0,17121,2561,11447,9697.0,222913,447189,13935,9.72,27.01,176.56,3.83,22.99,20.46,4.38,208978,0.39
ONGC,Mar 2023,632291,75527.0,32778,-30,7889,6290.0,142255,613115,78873,5.18,11.94,521.11,5.35,22.62,50.84,9.57,63382,1.03
PFC,Mar 2023,77684,26501.0,21179,47,47017,2640.0,751158,896112,5973,27.26,34.11,802.23,2.36,284.53,3.52,0.56,745185,0.09
PIDILITIND,Mar 2023,11799,1986.0,1289,55,48,51.0,391,10505,881,10.92,16.83,2527.45,12.27,7.67,449.32,42.52,-490,1.12
PNB,Mar 2023,86845,,3359,12529,51817,169.0,53621,66805,3188,3.87,,1987.57,5.03,317.28,,,50433,1.3
PNB,Mar 2023,86845,,3359,12529,51817,169.0,53621,66805,3188,3.87,,1987.57,5.03,317.28,,,50433,1.3
PNB,Mar 2023,86845,,3359,12529,51817,169.0,53621,66805,3188,3.87,,1987.57,5.03,317.28,,,50433,1.3
PNB,Mar 2023,86845,,3359,12529,51817,169.0,53621,66805,3188,3.87,,1987.57,5.03,317.28,,,50433,1.3
PNB,Mar 2023,86845,,3359,12529,51817,169.0,53621,66805,3188,3.87,,1987.57,5.03,317.28,,,50433,1.3
POWERGRID,Mar 2023,45603,39576.0,15420,1093,9634,6975.0,128584,252225,3489,33.81,86.78,221.08,6.11,18.43,29.19,4.22,125095,0.18
POWERGRID,Mar 2023,45603,39576.0,15420,1093,9634,6975.0,128584,252225,3489,33.81,86.78,221.08,6.11,18.43,29.19,4.22,125095,0.18
RECLTD,Mar 2023,39486,37628.0,11167,28,23733,2633.0,380790,465503,3170,28.28,95.29,424.12,2.4,144.62,9.81,1.59,377620,0.08
RELIANCE,Mar 2023,876396,142318.0,74088,12020,19571,6766.0,451664,1605882,235560,8.45,16.24,1095.0,4.61,66.75,31.04,7.89,216104,0.55
SBILIFE,Mar 2023,80636,122.0,1721,1862,10,1001.0,0,314599,303988,2.13,0.15,171.93,0.55,0.0,12.19,198.4,-303988,0.26
SHREECEM,Mar 2023,17852,2960.0,2369,459,263,36.0,2725,26334,8683,13.27,16.58,6580.56,9.0,75.69,107.21,13.0,-5958,0.68
SHRIRAMFIN,Mar 2023,30492,8799.0,6020,16,12987,374.0,164202,210573,7430,19.74,28.86,1609.63,2.86,439.04,5.35,0.68,156772,0.14
SUNPHARMA,Mar 2023,43886,11650.0,8513,459,172,240.0,6886,80712,14824,19.4,26.55,3547.08,10.55,28.69,163.49,70.4,-7938,0.54
TATACONSUM,Mar 2023,13783,1856.0,1320,328,130,93.0,1600,22762,1433,9.58,13.47,1419.35,5.8,17.2,109.63,16.8,167,0.61
TATAMOTORS,Mar 2023,345967,31816.0,2690,6664,10225,766.0,134113,334674,26379,0.78,9.2,351.17,0.8,175.08,23.59,3.76,107734,1.03
TATAPOWER,Mar 2023,55109,7728.0,3810,5540,4372,320.0,52923,128096,16670,6.91,14.02,1190.62,2.97,165.38,14.51,3.03,36253,0.43
TATASTEEL,Mar 2023,243353,32300.0,8075,1569,6299,1221.0,84893,285396,8410,3.32,13.27,661.34,2.83,69.53,37.51,5.38,76483,0.85
TCS,Mar 2023,225458,59259.0,42303,3449,779,366.0,7688,142859,37163,18.76,26.28,11558.2,29.61,21.01,735.77,80.5,-29475,1.58
TECHM,Mar 2023,53290,7763.0,4857,965,326,440.0,2740,45827,3388,9.11,14.57,1103.86,10.6,6.23,244.12,26.77,-648,1.16
TECHM,Mar 2023,53290,7763.0,4857,965,326,440.0,2740,45827,3388,9.11,14.57,1103.86,10.6,6.23,244.12,26.77,-648,1.16
TITAN,Mar 2023,40575,4882.0,3274,306,300,89.0,9367,27020,2515,8.07,12.03,3678.65,12.12,105.25,51.63,17.29,6852,1.5
TORNTPHARM,Mar 2023,9620,2842.0,1245,45,333,169.0,5369,14610,199,12.94,29.54,736.69,8.52,31.77,51.32,8.67,5170,0.66
TRENT,Mar 2023,8242,1114.0,394,341,409,36.0,4464,8082,1110,4.78,13.52,1094.44,4.88,124.0,24.76,3.56,3354,1.02
TVSMOTOR,Mar 2023,31974,4027.0,1309,136,1368,48.0,22376,35025,967,4.09,12.59,2727.08,3.74,466.17,17.96,3.04,21409,0.91
ULTRACEMCO,Mar 2023,63240,10620.0,5073,507,823,289.0,11058,91380,7297,8.02,16.79,1755.36,5.55,38.26,93.59,13.52,3761,0.69
UNIONBANK,Mar 2023,81163,-3024.0,8512,15915,48033,6835.0,1163059,1288357,343727,10.49,-3.73,124.54,0.66,170.16,-0.26,0.27,819332,0.06
ABB,Mar 2024,5849,1453.0,1201,248,12,21.0,83,5193,0,20.53,24.84,5719.05,23.13,3.95,1397.12,141.75,83,1.13
ADANIENSOL,Mar 2024,16607,5711.0,1196,611,2767,1115.0,37070,58538,766,7.2,34.39,107.26,2.04,33.25,14.96,2.28,36304,0.28
ADANIENT,Mar 2024,96421,11377.0,3335,1146,4555,114.0,65310,160586,8701,3.46,11.8,2925.44,2.08,572.89,17.39,2.75,56609,0.6
ADANIGREEN,Mar 2024,9220,7318.0,1260,1262,5006,1584.0,64858,88086,1515,13.67,79.37,79.55,1.43,40.95,11.01,1.71,63343,0.1
ADANIPORTS,Mar 2024,26711,15589.0,8104,671,2733,432.0,49470,116999,4289,30.34,58.36,1875.93,6.93,114.51,31.24,5.95,45181,0.23
ADANIPORTS,Mar 2024,26711,15589.0,8104,671,2733,432.0,49470,116999,4289,30.34,58.36,1875.93,6.93,114.51,31.24,5.95,45181,0.23
ADANIPOWER,Mar 2024,50351,18228.0,20829,9883,3388,3857.0,34616,92009,374,41.37,36.2,540.03,22.64,8.97,47.38,8.3,34242,0.55
AMBUJACEM,Mar 2024,33160,6400.0,4738,1401,276,440.0,699,65261,849,14.29,19.3,1076.82,7.26,1.59,561.9,28.26,-150,0.51
APOLLOHOSP,Mar 2024,19059,2394.0,935,105,449,72.0,5333,16742,986,4.91,12.56,1298.61,5.58,74.07,44.29,5.57,4347,1.14
ASIANPAINT,Mar 2024,35495,7585.0,5558,821,205,96.0,2474,29901,4588,15.66,21.37,5789.58,18.59,25.77,295.14,41.0,-2114,1.19
ASIANPAINT,Mar 2024,35495,7585.0,5558,821,205,96.0,2474,29901,4588,15.66,21.37,5789.58,18.59,25.77,295.14,41.0,-2114,1.19
ATGL,Mar 2024,4475,1104.0,668,62,111,110.0,1557,6592,706,14.93,24.67,607.27,10.13,14.15,66.23,10.5,851,0.68
AXISBANK,Mar 2024,109369,37943.0,24861,11,22442,617.0,1295302,1518239,332354,22.73,34.69,4029.34,1.64,2099.35,2.93,1.69,962948,0.07
BAJAJ-AUTO,Mar 2024,44870,8765.0,7708,1700,60,279.0,1912,39344,28087,17.18,19.53,2762.72,19.59,6.85,400.05,174.42,-26175,1.14
BAJAJFINSV,Mar 2024,110382,40886.0,15595,-4,18607,159.0,288933,537415,168385,14.13,37.04,9808.18,2.9,1817.19,14.14,2.2,120548,0.21
BAJAJHLDNG,Mar 2024,1702,1562.0,7365,5967,2,111.0,63,65161,64715,432.73,91.77,6635.14,11.3,0.57,897.7,3764.5,-64652,0.03
BAJFINANCE,Mar 2024,54972,16099.0,14451,36,6,124.0,293346,375742,30881,26.29,29.29,11654.03,3.85,2365.69,5.49,2689.17,262465,0.15
BANKBARODA,Mar 2024,118379,44379.0,18869,3,23399,1036.0,1453761,1654775,407136,15.94,37.49,1821.33,1.14,1403.24,3.05,1.9,1046625,0.07
BEL,Mar 2024,20268,5051.0,3985,670,12,11.0,43,161,1,19.66,24.92,36227.27,2475.16,3.91,9353.7,476.75,42,125.89
BHARTIARTL,Mar 2024,149982,78292.0,8558,-3428,22648,2877.0,215592,442019,31602,5.71,52.2,297.46,1.94,74.94,35.84,3.31,183990,0.34
BHEL,Mar 2024,23893,711.0,282,608,828,696.0,8856,59788,256,1.18,2.98,40.52,0.47,12.72,7.44,1.59,8600,0.4
BOSCHLTD,Mar 2024,16727,2095.0,2490,1566,51,30.0,39,17355,5125,14.89,12.52,8300.0,14.35,1.3,3036.23,71.78,-5086,0.96
BPCL,Mar 2024,448083,44082.0,26859,3032,4149,2136.0,54599,202418,26631,5.99,9.84,1257.44,13.27,25.56,77.7,11.36,27968,2.21
BRITANNIA,Mar 2024,16769,3167.0,2134,211,164,24.0,2065,9072,2767,12.73,18.89,8891.67,23.52,86.04,151.6,20.6,-702,1.85
CANBK,Mar 2024,110519,46146.0,15401,-7,28646,1814.0,1369780,1535018,399207,13.94,41.75,849.01,1.0,755.12,3.36,1.61,970573,0.07
CHOLAFIN,Mar 2024,19163,5385.0,3420,24,255,168.0,134475,156686,4036,17.85,28.1,2035.71,2.18,800.45,4.0,21.21,130439,0.12
CIPLA,Mar 2024,25774,19483.0,4154,24,552,161.0,559,32533,5449,16.12,75.59,2580.12,12.77,3.47,2705.97,35.34,-4890,0.79
COALINDIA,Mar 2024,142324,94352.0,37369,34,8396,6163.0,6523,236470,7110,26.26,66.29,606.34,15.8,1.06,743.75,11.24,-587,0.6
DABUR,Mar 2024,12404,2400.0,1811,482,124,177.0,1365,15116,6933,14.6,19.35,1023.16,11.98,7.71,155.64,23.24,-5568,0.82
DIVISLAB,Mar 2024,7845,2210.0,1600,335,4,53.0,3,15460,82,20.4,28.17,3018.87,10.35,0.06,3946.43,636.25,-79,0.51
DLF,Mar 2024,6427,2124.0,2724,531,356,495.0,4834,59069,20138,42.38,33.05,550.3,4.61,9.77,39.86,7.46,-15304,0.11
DMART,Mar 2024,50789,4106.0,2536,145,58,651.0,592,21172,107,4.99,8.08,389.55,11.98,0.91,330.33,73.29,485,2.4
DRREDDY,Mar 2024,28011,7933.0,5578,909,171,83.0,2002,38780,4930,19.91,28.32,6720.48,14.38,24.12,380.48,51.71,-2928,0.72
EICHERMOT,Mar 2024,16536,4329.0,4001,1521,51,27.0,419,23115,13527,24.2,26.18,14818.52,17.31,15.52,970.63,114.71,-13108,0.72
GAIL,Mar 2024,133228,14314.0,9903,2672,719,6575.0,21794,124735,21910,7.43,10.74,150.62,7.94,3.31,50.46,23.62,-116,1.07
GODREJCP,Mar 2024,14096,2957.0,-561,-2209,310,102.0,3222,18392,3504,-3.98,20.98,-550.0,-3.05,31.59,88.96,2.41,-282,0.77
GRASIM,Mar 2024,130978,27195.0,9926,783,9277,133.0,137155,412116,129306,7.58,20.76,7463.16,2.41,1031.24,19.81,3.02,7849,0.32
HAL,Mar 2024,30381,9749.0,7595,1899,43,5.0,123,450,43,25.0,32.09,151900.0,1687.78,24.6,7616.41,270.88,80,67.51
HAVELLS,Mar 2024,18590,1881.0,1271,249,84,63.0,303,12433,20,6.84,10.12,2017.46,10.22,4.81,513.93,25.36,283,1.5
HCLTECH,Mar 2024,109913,24198.0,15710,1495,553,543.0,5758,99006,7137,14.29,22.02,2893.19,15.87,10.6,384.03,46.46,-1379,1.11
HDFCBANK,Mar 2024,283649,174196.0,65446,-16,124346,760.0,3107503,4030194,1005682,23.07,61.41,8611.32,1.62,4088.82,5.6,1.4,2101821,0.07
HDFCLIFE,Mar 2024,101482,100951.0,1574,1,525,2151.0,950,302687,291128,1.55,99.48,73.18,0.52,0.44,3255.43,192.29,-290178,0.34
HEROMOTOCO,Mar 2024,37789,32554.0,3742,14,689,40.0,606,26153,12751,9.9,86.15,9355.0,14.31,15.15,5039.32,47.27,-12145,1.44
HINDALCO,Mar 2024,215962,192090.0,10155,11,1519,222.0,56356,230723,15444,4.7,88.95,4574.32,4.4,253.86,339.51,126.47,40912,0.94
HINDUNILVR,Mar 2024,61896,47237.0,10282,24,817,235.0,1484,78489,4625,16.61,76.32,4375.32,13.1,6.31,2747.93,57.85,-3141,0.79
ICICIBANK,Mar 2024,159516,99560.0,46081,-9,76522,1405.0,1651008,2364063,827163,28.89,62.41,3279.79,1.95,1175.09,6.03,1.3,823845,0.07
ICICIGI,Mar 2024,20487,17910.0,1919,13,112,493.0,35,63308,48584,9.37,87.42,389.25,3.03,0.07,3392.05,160.03,-48549,0.32
ICICIPRULI,Mar 2024,90307,92136.0,851,-2,2970,1441.0,1200,299001,289728,0.94,102.03,59.06,0.28,0.83,3488.68,31.02,-288528,0.3
INDIGO,Mar 2024,68904,52573.0,8167,24,2326,48.0,17,1222,188,11.85,76.3,17014.58,668.33,0.35,80881.54,22.61,-171,56.39
INDUSINDBK,Mar 2024,45748,17638.0,8950,7,9388,778.0,432404,514935,106527,19.56,38.55,1150.39,1.74,555.79,4.07,1.88,325877,0.09
INFY,Mar 2024,153670,36425.0,26248,4711,470,2071.0,8359,136020,24623,17.08,23.7,1267.41,19.3,4.04,349.23,87.52,-16264,1.13
IOC,Mar 2024,776352,75646.0,43161,5389,7881,13772.0,132628,482683,65542,5.56,9.74,313.4,8.94,9.63,51.67,10.28,67086,1.61
IRCTC,Mar 2024,4270,1466.0,1111,106,19,160.0,60,6091,0,26.02,34.33,694.38,18.24,0.38,666.36,82.74,60,0.7
IRFC,Mar 2024,26645,26513.0,6412,10,20101,13069.0,412039,485082,54,24.06,99.5,49.06,1.32,31.53,6.24,1.32,411985,0.05
ITC,Mar 2024,70866,26233.0,20751,2804,80,1248.0,303,91754,31114,29.28,37.02,1662.74,22.62,0.24,1691.36,362.96,-30811,0.77
JINDALSTEL,Mar 2024,50354,10202.0,5943,156,1294,100.0,16472,78676,819,11.8,20.26,5943.0,7.55,164.72,61.56,8.0,15653,0.64
JIOFIN,Mar 2024,1855,1559.0,1605,429,10,6353.0,0,144863,133292,86.52,84.04,25.26,1.11,0.0,24.54,198.8,-133292,0.01
JSWENERGY,Mar 2024,11486,5382.0,1725,472,2053,1641.0,31573,57767,7035,15.02,46.86,105.12,2.99,19.24,16.2,2.85,24538,0.2
JSWSTEEL,Mar 2024,175006,28157.0,8973,1500,8105,305.0,87984,227898,7246,5.13,16.09,2941.97,3.94,288.47,31.89,3.66,80738,0.77
KOTAKBANK,Mar 2024,56237,47052.0,18213,-24,38037,994.0,520374,767667,246446,32.39,83.67,1832.29,2.37,523.52,9.02,1.24,273928,0.07
LICI,Mar 2024,845966,32779.0,40916,14829,128,6325.0,0,5316047,4976133,4.84,3.87,646.89,0.77,0.0,518.25,371.94,-4976133,0.16
LODHA,Mar 2024,10316,2665.0,1554,48,482,994.0,7698,47198,2500,15.06,25.83,156.34,3.29,7.74,30.66,5.63,5198,0.22
LT,Mar 2024,221113,29865.0,15547,3847,9512,30.0,2071,27544,8744,7.03,13.51,51823.33,56.44,69.03,1421.47,3.54,-6673,8.03
LTIM,Mar 2024,35517,6387.0,4585,702,222,30.0,2071,27544,8744,12.91,17.98,15283.33,16.65,69.03,304.0,31.93,-6673,1.29
M&M,Mar 2024,139078,24892.0,12270,3298,7488,557.0,108647,234722,35208,8.82,17.9,2202.87,5.23,195.06,22.79,3.76,73439,0.59
MARUTI,Mar 2024,141858,18626.0,13488,4248,194,157.0,119,115304,57296,9.51,13.13,8591.08,11.7,0.76,6748.55,117.91,-57177,1.23
MOTHERSON,Mar 2024,98692,9322.0,3020,140,1811,678.0,19922,84178,6521,3.06,9.45,445.43,3.59,29.38,45.25,5.22,13401,1.17
NAUKRI,Mar 2024,2536,711.0,595,303,35,129.0,246,36089,31203,23.46,28.04,461.24,1.65,1.91,189.6,28.97,-30957,0.07
NESTLEIND,Mar 2024,24394,5813.0,3933,159,145,96.0,345,10523,464,16.12,23.83,4096.88,37.38,3.59,1318.14,41.19,-119,2.32
NHPC,Mar 2024,9632,4807.0,4028,2029,608,10045.0,32561,93297,479,41.82,49.91,40.1,4.32,3.24,11.28,11.24,32082,0.1
NTPC,Mar 2024,178501,51456.0,21332,5190,12301,9697.0,237131,479278,15885,11.95,28.83,219.99,4.45,24.45,20.85,4.6,221246,0.37
ONGC,Mar 2024,591396,102835.0,57101,12982,10194,6290.0,153181,709774,102207,9.66,17.39,907.81,8.04,24.35,64.49,11.36,50974,0.83
PFC,Mar 2024,91508,33573.0,26461,69,57962,3300.0,861961,1038877,10971,28.92,36.69,801.85,2.55,261.2,3.88,0.58,850990,0.09
PIDILITIND,Mar 2024,12383,2708.0,1747,63,51,51.0,382,12076,2235,14.11,21.87,3425.49,14.47,7.49,625.4,54.33,-1853,1.03
PNB,Mar 2024,109065,,9157,14158,68534,260.0,55017,72371,4345,8.4,,3521.92,12.65,211.6,,,50672,1.51
PNB,Mar 2024,109065,,9157,14158,68534,260.0,55017,72371,4345,8.4,,3521.92,12.65,211.6,,,50672,1.51
PNB,Mar 2024,109065,,9157,14158,68534,260.0,55017,72371,4345,8.4,,3521.92,12.65,211.6,,,50672,1.51
PNB,Mar 2024,109065,,9157,14158,68534,260.0,55017,72371,4345,8.4,,3521.92,12.65,211.6,,,50672,1.51
PNB,Mar 2024,109065,,9157,14158,68534,260.0,55017,72371,4345,8.4,,3521.92,12.65,211.6,,,50672,1.51
POWERGRID,Mar 2024,45843,39826.0,15573,556,8773,9301.0,123516,250829,4163,33.97,86.87,167.43,6.21,13.28,29.99,4.6,119353,0.18
POWERGRID,Mar 2024,45843,39826.0,15573,556,8773,9301.0,123516,250829,4163,33.97,86.87,167.43,6.21,13.28,29.99,4.6,119353,0.18
RECLTD,Mar 2024,47517,47883.0,14145,48,29948,2633.0,445568,548191,5352,29.77,100.77,537.22,2.58,169.22,10.68,1.6,440216,0.09
RELIANCE,Mar 2024,899041,162498.0,79020,16179,23118,6766.0,458991,1755048,225672,8.79,18.07,1167.9,4.5,67.84,34.89,7.73,233319,0.51
SBILIFE,Mar 2024,131988,246.0,1894,1917,9,1001.0,0,398299,384943,1.43,0.19,189.21,0.48,0.0,24.58,240.33,-384943,0.33
SHREECEM,Mar 2024,20521,4518.0,1733,597,258,36.0,1656,27925,7556,8.45,22.02,4813.89,6.21,46.0,267.02,19.83,-5900,0.73
SHRIRAMFIN,Mar 2024,36388,10523.0,7399,25,15588,376.0,195496,248266,9472,20.33,28.92,1967.82,2.98,519.94,5.37,0.68,186024,0.15
SUNPHARMA,Mar 2024,48497,13018.0,9610,865,238,240.0,3274,85308,15026,19.82,26.84,4004.17,11.27,13.64,370.46,58.33,-11752,0.57
TATACONSUM,Mar 2024,15206,2284.0,1215,-81,87,95.0,3477,27879,871,7.99,15.02,1278.95,4.36,36.6,63.94,25.32,2606,0.55
TATAMOTORS,Mar 2024,437928,59538.0,31807,5673,9986,766.0,107262,369521,22971,7.26,13.6,4152.35,8.61,140.03,55.11,6.53,84291,1.19
TATAPOWER,Mar 2024,61449,10735.0,4280,3416,4633,320.0,53689,139054,16316,6.97,17.47,1337.5,3.08,167.78,19.88,3.05,37373,0.44
TATASTEEL,Mar 2024,229171,22248.0,-4910,-6005,7508,1247.0,87082,269312,6258,-2.14,9.71,-393.74,-1.82,69.83,25.19,2.16,80824,0.85
TCS,Mar 2024,240893,64296.0,46099,3464,778,362.0,8021,145472,31762,19.14,26.69,12734.53,31.69,22.16,766.98,87.1,-23741,1.66
TECHM,Mar 2024,51996,4506.0,2397,927,392,441.0,2537,43149,3238,4.61,8.67,543.54,5.56,5.75,151.31,13.86,-701,1.21
TECHM,Mar 2024,51996,4506.0,2397,927,392,441.0,2537,43149,3238,4.61,8.67,543.54,5.56,5.75,151.31,13.86,-701,1.21
TITAN,Mar 2024,51084,5292.0,3496,534,619,89.0,15528,31547,2345,6.84,10.36,3928.09,11.08,174.47,33.89,9.41,13183,1.62
TORNTPHARM,Mar 2024,10728,3368.0,1656,146,354,169.0,4022,14505,173,15.44,31.39,979.88,11.42,23.8,80.36,9.93,3849,0.74
TRENT,Mar 2024,12375,1971.0,1477,989,368,36.0,1753,7162,1416,11.94,15.93,4102.78,20.62,48.69,110.17,8.04,337,1.73
TVSMOTOR,Mar 2024,39145,5500.0,1779,106,1928,48.0,26006,42024,1123,4.54,14.05,3706.25,4.23,541.79,21.11,2.91,24883,0.93
ULTRACEMCO,Mar 2024,70908,12969.0,7004,567,968,289.0,11403,100797,8249,9.88,18.29,2423.53,6.95,39.46,110.92,13.98,3154,0.7
UNIONBANK,Mar 2024,100376,4590.0,13797,17813,63364,7634.0,1251568,1401996,343953,13.75,4.57,180.73,0.98,163.95,0.36,0.35,907615,0.07
SIEMENS,Sep 2011,11955,1171.0,868,299,26,68.0,0,10158,0,7.26,9.8,1276.47,8.54,0.0,1722.06,56.54,0,1.18
SIEMENS,Sep 2014,10678,119.0,603,985,31,71.0,0,10290,8,5.65,1.11,849.3,5.86,0.0,167.61,35.61,-8,1.04
SIEMENS,Sep 2015,10563,998.0,1174,943,30,71.0,25,10576,114,11.11,9.45,1653.52,11.1,0.35,1039.58,64.7,-89,1.0
SIEMENS,Sep 2016,10837,1021.0,2914,3156,11,71.0,25,11986,110,26.89,9.42,4104.23,24.31,0.35,1063.54,379.73,-85,0.9
SIEMENS,Sep 2017,11065,1056.0,1137,818,8,71.0,0,13138,0,10.28,9.54,1601.41,8.65,0.0,1487.32,234.25,0,0.84
SIEMENS,Sep 2018,12795,1327.0,901,280,8,71.0,0,14336,0,7.04,10.37,1269.01,6.28,0.0,1869.01,200.88,0,0.89
SIEMENS,Sep 2019,13084,1490.0,1099,398,12,71.0,0,15358,0,8.4,11.39,1547.89,7.16,0.0,2098.59,157.33,0,0.85
SIEMENS,Sep 2020,9946,1003.0,769,315,30,71.0,0,15860,0,7.73,10.08,1083.1,4.85,0.0,1412.68,43.93,0,0.63
SIEMENS,Sep 2021,13198,1452.0,1089,321,24,71.0,4,18015,3,8.25,11.0,1533.8,6.04,0.06,1936.0,73.88,1,0.73
SIEMENS,Sep 2022,16138,1860.0,1543,487,36,71.0,182,20109,1,9.56,11.53,2173.24,7.67,2.56,735.18,65.19,181,0.8
SIEMENS,Sep 2023,19554,2487.0,1962,496,23,71.0,175,21646,1,10.03,12.72,2763.38,9.06,2.46,1010.98,129.7,174,0.9
SIEMENS,Sep 2024,22240,3104.0,2718,925,60,71.0,279,25299,1,12.22,13.96,3828.17,10.74,3.93,886.86,67.15,278,0.88
